phone,full_name,kyc_level,customer_type,operator,home_city,account_created_at
+2250318196001,Allison Hill,basic,individual,Moov Africa,Bouaké,2025-10-12 14:39:22.050981
+2250203056413,Noah Rhodes,premium,individual,Moov Africa,Bouaké,2024-10-12 05:45:27.874528
+2250909570154,Angie Henderson,basic,individual,Orange,Abidjan,2025-02-17 22:29:28.804980
+2250339301031,Daniel Wagner,premium,individual,Moov Africa,Daloa,2026-04-05 02:49:20.612154
+2250273602606,Cristian Santos,basic,agent,Moov Africa,Korhogo,2024-05-26 09:04:35.592812
+2250154278498,Connie Lawrence,basic,individual,Moov Africa,Daloa,2025-08-01 14:34:35.710092
+2250227868011,Abigail Shaffer,premium,individual,Moov Africa,San-Pédro,2025-08-14 23:21:58.530810
+2250854145868,Gina Moore,basic,individual,Orange,Abidjan,2025-11-18 16:06:25.776027
+2250648236629,Gabrielle Davis,standard,individual,MTN,Abidjan,2025-09-04 23:15:01.485174
+2250517278895,Ryan Munoz,premium,individual,MTN,Man,2024-10-05 12:52:17.478354
+2250516272046,Monica Herrera,basic,agent,MTN,Bouaké,2024-04-06 00:09:24.525715
+2250793149190,Jamie Arnold,basic,individual,Orange,Abidjan,2025-06-21 09:27:13.658813
+2250113678377,Lisa Hensley,basic,merchant,Moov Africa,Abidjan,2025-10-03 12:39:51.722286
+2250140824008,Michele Williams,basic,individual,Moov Africa,Gagnoa,2025-12-13 14:07:08.683786
+2250640344713,Dylan Miller,premium,individual,MTN,Korhogo,2026-05-28 04:27:07.195551
+2250549027874,Brian Ramirez,basic,individual,MTN,Yamoussoukro,2024-06-06 09:29:57.031108
+2250987603859,Holly Wood,standard,agent,Orange,Yamoussoukro,2025-03-11 08:58:54.485932
+2250627875588,Derek Zuniga,basic,individual,MTN,Man,2025-09-14 05:58:50.011457
+2250857809134,Lisa Jackson,premium,individual,Orange,Korhogo,2024-05-23 05:23:37.870411
+2250247407482,Carla Gray,basic,individual,Moov Africa,Gagnoa,2024-03-31 21:40:10.658464
+2250845171236,Margaret Hawkins DDS,premium,merchant,Orange,Daloa,2025-10-20 05:18:03.760080
+2250358506431,Patty Perez,premium,individual,Moov Africa,Daloa,2024-05-20 12:51:14.353086
+2250398569847,Ethan Adams,basic,merchant,Moov Africa,Abidjan,2026-01-22 04:35:23.205447
+2250245502296,Tommy Walter,basic,individual,Moov Africa,Korhogo,2024-10-07 15:32:17.304419
+2250696641605,Matthew Foster,basic,individual,MTN,Gagnoa,2026-03-24 03:34:19.838853
+2250827177449,Judy Baker,basic,individual,Orange,Bouaké,2025-08-23 22:11:48.852542
+2250918203778,Justin Baker,basic,agent,Orange,Abidjan,2024-06-28 00:19:44.388993
+2250192706537,Stephanie Ross,standard,merchant,Moov Africa,Korhogo,2024-12-29 21:09:49.980071
+2250398614341,Zachary Hicks,basic,merchant,Moov Africa,Abidjan,2025-09-20 23:57:35.451632
+2250567065405,Anthony Rodriguez,standard,agent,MTN,Abidjan,2024-07-19 06:04:47.668264
+2250687403450,Rebecca Henderson,standard,individual,MTN,Abidjan,2025-08-30 12:13:50.792764
+2250792755719,James Ferrell,basic,individual,Orange,Abidjan,2025-07-21 05:45:14.063035
+2250925831323,Tricia Valencia,standard,merchant,Orange,Abidjan,2024-09-21 18:50:34.802917
+2250501094396,Nathan Maldonado,standard,individual,MTN,Abidjan,2024-04-10 06:27:41.209130
+2250953278774,Debra Davidson,basic,agent,Orange,Abidjan,2024-06-25 20:11:59.668501
+2250721655852,Jeffrey Chavez,basic,individual,Orange,Bouaké,2024-01-25 22:28:37.398410
+2250851694097,Sherri Baker,basic,individual,Orange,San-Pédro,2025-09-13 04:20:52.353785
+2250852404157,Cassandra Gaines,standard,individual,Orange,Korhogo,2025-02-14 15:21:26.617404
+2250942054932,Elizabeth Fowler,standard,individual,Orange,Yamoussoukro,2025-08-17 10:59:53.339180
+2250558713971,Brittany Farmer,standard,individual,MTN,Abidjan,2025-12-06 15:13:30.967149
+2250119079030,Paula Moreno,basic,individual,Moov Africa,Abidjan,2024-04-21 11:30:06.267443
+2250605685662,Fred Smith,basic,merchant,MTN,Abidjan,2024-12-05 00:22:56.864714
+2250733173936,Sherry Decker,premium,individual,Orange,Bouaké,2025-08-15 11:39:39.266645
+2250762312038,Anthony Humphrey,basic,individual,Orange,Abidjan,2024-03-03 21:53:41.321290
+2250997401489,Angelica Tucker,standard,merchant,Orange,Abidjan,2025-11-12 18:02:51.072658
+2250794311426,Philip Cannon,standard,merchant,Orange,Yamoussoukro,2024-10-19 13:32:05.085923
+2250843799371,John Pierce,basic,individual,Orange,Abidjan,2025-09-13 05:08:35.550918
+2250735290965,Shane Henderson,premium,individual,Orange,Abidjan,2025-01-01 20:17:52.713430
+2250212382825,Joshua Blair,standard,individual,Moov Africa,Gagnoa,2024-09-22 16:13:41.421651
+2250549912513,Eric Carney,basic,individual,MTN,Abidjan,2025-07-30 00:47:34.688762
+2250778361340,Jessica Holmes,basic,individual,Orange,Abidjan,2025-07-17 03:56:58.599929
+2250526042232,Danny Morgan,standard,individual,MTN,Daloa,2025-09-22 05:26:30.716404
+2250552064361,Crystal Robinson,standard,merchant,MTN,Abidjan,2026-03-10 18:15:42.916491
+2250176137918,Mark Perez,standard,individual,Moov Africa,Abidjan,2025-09-16 20:32:49.258373
+2250691463031,Shannon Jones,premium,individual,MTN,Abidjan,2024-06-30 12:40:21.788577
+2250262208635,Michael Lewis,basic,individual,Moov Africa,Man,2026-05-19 20:53:58.573492
+2250297383206,Timothy Duncan,basic,individual,Moov Africa,Bouaké,2024-08-28 18:24:09.055491
+2250219906234,Richard Aguirre,basic,agent,Moov Africa,Abidjan,2026-03-08 19:49:16.929105
+2250571210032,Brent Jordan,basic,agent,MTN,Abidjan,2025-02-03 14:23:59.676920
+2250272099934,John Daniel,basic,individual,Moov Africa,Man,2025-11-25 18:29:37.104224
+2250355905992,Victoria Garcia,standard,individual,Moov Africa,Abidjan,2024-05-29 09:12:50.640754
+2250313552157,Gerald Hensley,basic,individual,Moov Africa,Abidjan,2024-03-11 06:21:41.060929
+2250515336884,Connor West,standard,individual,MTN,Abidjan,2024-12-21 04:05:09.929056
+2250517223320,Donald Wright,basic,individual,MTN,Gagnoa,2024-09-19 15:00:49.269793
+2250997024629,Jessica Callahan,standard,merchant,Orange,San-Pédro,2025-10-14 00:31:24.807587
+2250589023303,Amber Kidd,basic,individual,MTN,Abidjan,2025-09-03 09:05:04.499960
+2250865743748,Tracy House,standard,individual,Orange,Abidjan,2024-02-14 00:34:21.200421
+2250148251353,Carol Tucker,standard,individual,Moov Africa,Abidjan,2025-12-24 19:37:10.531160
+2250366667600,James Brown,basic,individual,Moov Africa,Korhogo,2024-08-08 00:18:14.727203
+2250861849926,William Baker,standard,individual,Orange,Abidjan,2024-10-06 03:48:48.504146
+2250661100225,Jordan Henderson,basic,individual,MTN,Abidjan,2024-05-23 07:19:02.222781
+2250890277167,Whitney Peters,basic,individual,Orange,Abidjan,2025-05-16 11:44:24.605490
+2250537589975,Brittney Phillips,standard,individual,MTN,Abidjan,2025-04-30 21:07:24.650136
+2250609177982,Lauren Daniels,premium,individual,MTN,Abidjan,2025-12-16 15:35:05.489431
+2250562003424,Amy Silva,standard,individual,MTN,Abidjan,2024-06-30 07:35:34.012240
+2250340572025,Sarah Moore,standard,individual,Moov Africa,Korhogo,2025-02-03 01:00:45.491187
+2250688770435,Angela Lopez,basic,individual,MTN,Gagnoa,2026-05-09 03:06:32.583793
+2250545088210,Megan Young,basic,individual,MTN,Yamoussoukro,2024-05-25 17:03:21.549521
+2250656205336,Steve Sanchez,basic,individual,MTN,Abidjan,2025-09-08 02:10:36.623699
+2250775037314,Lisa Barnes,basic,individual,Orange,Abidjan,2024-02-29 20:44:32.552572
+2250165177739,Kelly Donovan,basic,individual,Moov Africa,Daloa,2024-09-17 00:47:44.780975
+2250899136621,Mike Allen,basic,individual,Orange,Bouaké,2026-01-05 10:05:50.909701
+2250394486959,Michael Evans,basic,individual,Moov Africa,San-Pédro,2025-07-21 03:16:44.991406
+2250714656693,Paul Jones,basic,individual,Orange,Korhogo,2025-07-23 07:47:51.488885
+2250773334333,Zachary Ferrell,standard,individual,Orange,Daloa,2025-12-23 09:23:41.147467
+2250662718750,Daniel Baker,basic,individual,MTN,Abidjan,2025-04-11 18:04:30.754322
+2250561203471,Shirley Suarez,basic,individual,MTN,Abidjan,2025-04-04 13:45:52.923720
+2250911492164,Christopher Bass,basic,merchant,Orange,Korhogo,2026-04-13 22:35:02.049261
+2250154780774,Lisa Archer,basic,individual,Moov Africa,Abidjan,2025-09-09 21:49:34.581730
+2250697497350,Aimee Montoya,basic,individual,MTN,Gagnoa,2025-12-23 17:13:37.070058
+2250852088147,Matthew Mcmillan,standard,individual,Orange,Abidjan,2025-04-16 12:08:30.069514
+2250873065240,Brian Rodriguez,basic,individual,Orange,Abidjan,2024-02-01 08:24:44.065407
+2250878994053,Denise Jacobs,standard,individual,Orange,Abidjan,2026-05-02 23:28:33.485074
+2250893983684,Christina Walters,basic,individual,Orange,Bouaké,2024-11-28 17:55:13.913145
+2250534419693,John Whitehead,standard,individual,MTN,San-Pédro,2026-01-30 18:38:45.252347
+2250727837693,Anna Henderson,standard,individual,Orange,Gagnoa,2025-03-22 10:09:07.632085
+2250221103924,Aaron Wise,basic,individual,Moov Africa,San-Pédro,2024-06-21 18:45:03.377029
+2250355438404,Deborah Figueroa,standard,individual,Moov Africa,Man,2024-08-24 14:26:55.164379
+2250172897526,Jessica Smith,basic,individual,Moov Africa,Abidjan,2025-11-11 18:15:32.548339
+2250577181298,Stephen Mckee,basic,individual,MTN,Abidjan,2026-04-13 07:36:40.308875
+2250538498302,Sandra Aguilar,basic,individual,MTN,San-Pédro,2025-05-03 00:23:20.670073
+2250568147214,Cameron Parker,basic,individual,MTN,Abidjan,2025-07-15 16:29:55.417695
+2250172785760,Rebecca Valencia,standard,merchant,Moov Africa,Abidjan,2025-04-15 01:22:14.110835
+2250191570184,Christine Wright,basic,individual,Moov Africa,Korhogo,2025-03-04 16:07:13.555142
+2250695453817,Richard Henson,standard,individual,MTN,Abidjan,2024-12-30 20:31:13.849827
+2250521971997,Marc Moore,basic,individual,MTN,Abidjan,2025-01-24 20:41:44.187131
+2250172386562,Sharon Cherry,basic,individual,Moov Africa,Daloa,2025-05-19 01:27:16.542410
+2250584689500,Sierra Johnson,standard,individual,MTN,San-Pédro,2026-05-24 01:45:12.155396
+2250665442094,Evelyn Galvan,standard,individual,MTN,Bouaké,2025-03-13 01:06:49.781839
+2250665801856,Sharon Cochran,standard,individual,MTN,San-Pédro,2025-05-19 10:54:55.137809
+2250724471746,Richard Rodriguez,standard,individual,Orange,San-Pédro,2025-01-25 20:24:41.842739
+2250700642569,Shannon Walker,basic,individual,Orange,San-Pédro,2025-05-09 19:29:18.937591
+2250205061387,Julia Torres,premium,agent,Moov Africa,Daloa,2024-02-14 09:55:15.083273
+2250994672324,Crystal Johnson,basic,merchant,Orange,Abidjan,2026-05-24 06:01:47.518907
+2250872200543,Garrett Lin,basic,individual,Orange,Abidjan,2024-07-10 10:18:52.951308
+2250553492929,Diana May,premium,individual,MTN,Daloa,2024-05-23 19:43:03.470021
+2250989319508,William Herrera,premium,individual,Orange,San-Pédro,2024-08-17 06:02:41.612727
+2250904682756,Ashley Waller,basic,individual,Orange,Yamoussoukro,2025-03-27 04:12:55.662330
+2250525472928,Victor Baker,basic,individual,MTN,Gagnoa,2025-07-12 19:18:28.467287
+2250874929751,Jeffrey Chandler,standard,agent,Orange,Man,2025-03-17 14:11:18.645943
+2250659980562,Larry Dixon,standard,individual,MTN,Abidjan,2024-02-06 09:34:18.610635
+2250630024471,Kenneth Scott,standard,individual,MTN,Man,2024-06-07 14:00:40.370976
+2250583219285,April Frost,standard,individual,MTN,Daloa,2025-07-26 13:45:55.629570
+2250601322342,Michelle Harmon,basic,merchant,MTN,Gagnoa,2024-08-07 23:52:51.700479
+2250149552893,Helen Jones,basic,individual,Moov Africa,Abidjan,2024-10-27 10:19:49.981292
+2250182754801,Erin Edwards,basic,individual,Moov Africa,Abidjan,2024-01-29 19:26:21.488466
+2250678427114,Michelle Evans,basic,individual,MTN,Abidjan,2024-03-05 14:38:51.996930
+2250506167567,Jason Powell,basic,individual,MTN,Abidjan,2024-06-29 07:09:43.337363
+2250133491141,Cameron Fisher,basic,individual,Moov Africa,Abidjan,2025-06-08 04:20:29.223230
+2250682082973,Megan Orr,standard,individual,MTN,Daloa,2025-06-06 02:50:10.162288
+2250381898471,Elizabeth Kelley,basic,merchant,Moov Africa,Abidjan,2026-01-28 21:58:16.487218
+2250524815698,Dustin Jordan,standard,individual,MTN,Bouaké,2025-08-15 16:41:12.559272
+2250993173420,Mary Marshall,basic,merchant,Orange,Abidjan,2025-11-17 07:38:49.592341
+2250269411800,Daniel Kennedy,basic,merchant,Moov Africa,Abidjan,2025-06-20 14:45:50.773062
+2250677121513,Rebecca Jackson,standard,agent,MTN,Abidjan,2026-04-25 05:09:50.870531
+2250918961642,Jose Schultz,basic,merchant,Orange,Korhogo,2025-09-27 17:52:29.123963
+2250327881476,Robert Potter,basic,individual,Moov Africa,Daloa,2025-04-24 13:13:24.896086
+2250568006102,Courtney Gonzalez,standard,individual,MTN,Bouaké,2024-01-31 21:48:53.066043
+2250546717957,David Alvarez,standard,individual,MTN,Abidjan,2026-05-14 01:09:06.762921
+2250784289107,Angel Perry,standard,individual,Orange,Gagnoa,2024-01-21 23:33:35.349811
+2250908466845,Cheyenne Horton,premium,individual,Orange,Abidjan,2024-11-05 10:44:33.588838
+2250554492683,David Douglas Jr.,basic,individual,MTN,Bouaké,2024-12-03 12:01:38.122710
+2250811594082,Patricia Rodriguez,basic,merchant,Orange,Abidjan,2024-02-27 04:10:49.484425
+2250581398909,Christopher Rubio,basic,individual,MTN,Korhogo,2024-09-25 14:23:59.617654
+2250511824224,Amber Wright,standard,individual,MTN,Abidjan,2026-01-12 15:44:59.070149
+2250148913824,Joyce Solis,standard,individual,Moov Africa,Abidjan,2025-06-12 00:25:44.129697
+2250184639855,Victoria Larson,standard,individual,Moov Africa,Gagnoa,2025-06-22 13:28:12.908315
+2250717537030,Stephanie Salazar,standard,individual,Orange,San-Pédro,2024-08-04 05:01:44.655761
+2250999219212,Kathy Rivas,basic,individual,Orange,Bouaké,2025-12-13 21:19:46.066543
+2250260954317,Stephanie Manning,basic,individual,Moov Africa,Abidjan,2024-12-05 00:21:01.074549
+2250100249685,David Wright,basic,individual,Moov Africa,Man,2024-12-09 11:08:08.128824
+2250273950033,Pamela Boyd,basic,individual,Moov Africa,Abidjan,2026-05-04 12:50:05.491285
+2250342897317,Denise Jones,standard,merchant,Moov Africa,Yamoussoukro,2026-01-21 23:45:02.739645
+2250183535444,Devon Flores,basic,individual,Moov Africa,Yamoussoukro,2026-03-06 09:01:36.777377
+2250159741218,Brenda Hall,basic,individual,Moov Africa,Daloa,2025-02-22 03:58:31.956640
+2250643027169,Michelle Brown,standard,individual,MTN,Bouaké,2025-01-07 07:40:01.371063
+2250877711837,Joshua Perry,basic,individual,Orange,Daloa,2025-08-15 05:52:05.574804
+2250670900633,Jason Stein,basic,individual,MTN,Abidjan,2024-04-14 14:04:29.599611
+2250250637314,Melissa Gates,standard,individual,Moov Africa,Abidjan,2025-07-26 01:28:31.706155
+2250786403553,Jamie Smith,basic,individual,Orange,Abidjan,2025-10-01 22:05:42.132923
+2250747156627,Paul Castaneda,basic,individual,Orange,Bouaké,2025-01-16 21:28:58.081899
+2250665674916,Jennifer Adkins,standard,merchant,MTN,Gagnoa,2025-07-10 18:24:28.007257
+2250583626448,Lindsey Walker,premium,individual,MTN,San-Pédro,2025-06-20 12:26:04.953893
+2250210040901,Jeffrey Johnson,basic,individual,Moov Africa,Korhogo,2026-05-04 20:07:13.120161
+2250269156716,Michael Powell,basic,agent,Moov Africa,Abidjan,2024-10-21 02:11:06.896086
+2250540983665,John Anderson,standard,individual,MTN,Korhogo,2024-02-25 05:32:07.700485
+2250947292774,Alyssa Long,standard,individual,Orange,Abidjan,2025-01-13 11:14:05.309352
+2250761764750,Alyssa Day,basic,individual,Orange,Abidjan,2025-04-02 20:07:35.203812
+2250348729758,Joel Williams,premium,agent,Moov Africa,Gagnoa,2025-10-27 16:31:19.630053
+2250935989262,Daniel Murphy,basic,individual,Orange,Korhogo,2025-10-09 11:15:44.946537
+2250725625889,Jamie Walton,standard,individual,Orange,Abidjan,2025-02-07 09:58:59.751495
+2250741465111,Darlene Miller,standard,individual,Orange,Gagnoa,2025-03-06 04:27:17.229899
+2250990972832,Joshua Cooke,basic,individual,Orange,Daloa,2025-10-31 05:51:47.202028
+2250584177225,Matthew Harrington,standard,individual,MTN,Abidjan,2025-09-13 14:50:39.781408
+2250269067447,Nicole Herring,basic,individual,Moov Africa,Abidjan,2026-03-10 15:14:50.761670
+2250508255598,Alex Hernandez,standard,individual,MTN,Abidjan,2025-07-20 00:03:12.247983
+2250886694320,Michael Elliott,basic,merchant,Orange,Abidjan,2026-01-07 07:50:30.306327
+2250165271727,Michael Wang,basic,individual,Moov Africa,Daloa,2024-08-17 05:50:37.668179
+2250185132797,Lawrence Adkins,standard,merchant,Moov Africa,Abidjan,2024-07-14 01:46:01.137477
+2250917213145,Robert Oconnell,basic,individual,Orange,Abidjan,2024-03-24 05:41:47.581978
+2250167711964,Alexander Collins,basic,merchant,Moov Africa,Abidjan,2024-07-26 17:12:12.024205
+2250806501917,Tina Sanders,standard,individual,Orange,Daloa,2024-02-18 07:48:02.820536
+2250984362418,Angela Vaughn,basic,individual,Orange,Gagnoa,2025-02-05 03:43:23.067520
+2250796790422,Ashley Barton,standard,merchant,Orange,Abidjan,2025-03-22 02:48:10.922546
+2250175242149,Lindsay Martinez,basic,individual,Moov Africa,Abidjan,2024-07-23 13:11:27.814978
+2250636515597,Dr. Hannah Patterson,basic,individual,MTN,Korhogo,2024-02-20 11:46:49.838634
+2250547683420,Jonathan Peterson,basic,individual,MTN,Man,2026-01-27 21:31:16.773464
+2250596353390,Samantha Garcia,basic,individual,MTN,Abidjan,2024-02-03 15:17:45.278584
+2250630600025,Madison Poole,standard,individual,MTN,Bouaké,2024-11-06 17:45:53.880563
+2250527523343,Jessica Gross,basic,individual,MTN,Abidjan,2024-02-09 08:58:42.302324
+2250790808823,Debra Morton,standard,individual,Orange,Abidjan,2024-08-26 22:22:25.787123
+2250659196639,Karen Graham,basic,agent,MTN,Man,2024-04-26 19:52:54.325967
+2250583184919,Debra Christian,standard,individual,MTN,Abidjan,2025-01-29 16:20:29.353620
+2250277159103,Angelica Keith,basic,individual,Moov Africa,Abidjan,2025-03-29 08:19:33.067981
+2250153988547,John Bishop,standard,individual,Moov Africa,Daloa,2024-06-21 11:42:08.704856
+2250368507451,Allen Rosales,basic,merchant,Moov Africa,Abidjan,2025-05-22 06:36:26.286311
+2250974325122,Daniel Salinas,basic,individual,Orange,Bouaké,2025-09-09 20:50:55.040690
+2250596531361,Spencer Haynes,premium,merchant,MTN,Daloa,2026-01-27 23:41:46.708663
+2250236661449,Adam Vaughan,basic,individual,Moov Africa,Bouaké,2025-09-20 22:56:59.789686
+2250719803828,Nathan Freeman,standard,individual,Orange,Bouaké,2025-01-26 09:23:42.045978
+2250820223288,Melissa Brewer,basic,individual,Orange,Bouaké,2024-05-17 04:38:37.282049
+2250502311775,Ricky Davis II,standard,agent,MTN,Gagnoa,2024-12-12 09:13:06.599732
+2250113020569,Elizabeth Perkins,basic,individual,Moov Africa,Abidjan,2024-07-16 03:30:44.795893
+2250903719905,Joseph Coleman,premium,individual,Orange,Gagnoa,2024-09-02 16:48:12.178916
+2250206626682,Erin Warner,basic,individual,Moov Africa,Abidjan,2024-10-16 04:33:59.087624
+2250584588105,David Martinez,premium,individual,MTN,San-Pédro,2025-07-17 02:27:27.874838
+2250367066703,Bryan Herrera,basic,individual,Moov Africa,Abidjan,2024-02-15 16:35:49.894968
+2250901495427,Cathy Robinson,basic,individual,Orange,Abidjan,2024-07-22 16:49:48.967763
+2250961642059,Dr. William Warren,standard,individual,Orange,Abidjan,2025-01-22 03:12:14.573863
+2250553537513,Brian Lee,basic,individual,MTN,Gagnoa,2025-12-12 19:18:36.599226
+2250728866526,Christopher Smith,standard,individual,Orange,Abidjan,2025-12-08 12:53:02.169800
+2250736849951,Denise Mccann,basic,individual,Orange,Abidjan,2024-08-13 10:26:51.183431
+2250750618538,Melissa Martinez,standard,individual,Orange,Daloa,2024-09-01 06:34:06.863259
+2250349693578,Katherine Salas,standard,individual,Moov Africa,Abidjan,2024-09-23 08:35:49.231079
+2250640473504,Julie Alexander,basic,individual,MTN,Abidjan,2025-06-25 22:59:04.358232
+2250181867024,Anthony Everett,basic,individual,Moov Africa,Abidjan,2024-03-08 09:18:48.927741
+2250668044731,Rodney Morales,basic,individual,MTN,San-Pédro,2024-12-22 13:50:34.008645
+2250604387875,Mark Brown,premium,individual,MTN,Abidjan,2026-01-20 05:17:43.468464
+2250292158350,Justin Torres,premium,individual,Moov Africa,Abidjan,2025-08-17 03:42:38.492063
+2250975485819,Bailey Duran DDS,standard,individual,Orange,Gagnoa,2025-06-24 08:11:57.546676
+2250590797727,Courtney Mills,standard,individual,MTN,Yamoussoukro,2024-09-28 07:28:09.357026
+2250901382412,Jeremy Dalton,basic,individual,Orange,Abidjan,2025-06-15 18:07:36.343424
+2250687209628,Elizabeth Oliver DDS,standard,individual,MTN,Gagnoa,2025-04-01 17:58:25.264029
+2250667345957,Theresa Clark,standard,individual,MTN,Abidjan,2024-12-13 03:07:41.201875
+2250669681579,Matthew Moore,basic,individual,MTN,Man,2025-06-18 14:25:02.323592
+2250966046419,Benjamin Smith,standard,individual,Orange,Man,2026-05-20 11:25:09.978419
+2250264579389,Kirk Carter,basic,individual,Moov Africa,Abidjan,2026-02-10 11:06:21.348106
+2250555557277,Michael Warner,basic,individual,MTN,San-Pédro,2025-08-19 03:06:29.399868
+2250958886367,Michael Bradshaw,standard,individual,Orange,Abidjan,2026-02-28 02:56:20.347319
+2250368832753,Lori Guerrero,basic,individual,Moov Africa,Man,2024-02-27 03:40:31.305545
+2250577046056,Jessica Stephens,standard,individual,MTN,Bouaké,2024-11-16 18:25:31.107259
+2250694902284,Susan Serrano,basic,individual,MTN,Man,2025-08-17 11:28:23.562519
+2250143324913,Christopher Parker,basic,individual,Moov Africa,Bouaké,2024-10-29 00:51:27.358118
+2250973997046,Laura Roberts,standard,individual,Orange,Bouaké,2025-12-07 22:20:43.272192
+2250996434745,Michael Lyons,basic,individual,Orange,Abidjan,2024-02-22 22:45:46.976159
+2250634996010,Kathryn Snyder,standard,agent,MTN,Abidjan,2024-07-23 17:42:28.396356
+2250955732573,Andrew Reynolds,basic,individual,Orange,Abidjan,2024-08-02 12:45:14.107460
+2250729578606,David Davis,standard,individual,Orange,Abidjan,2024-08-29 07:40:35.061914
+2250185155333,Sara Johnston,basic,individual,Moov Africa,Abidjan,2024-03-04 12:17:21.816332
+2250854164316,Yvonne Chambers,standard,individual,Orange,Abidjan,2025-06-18 05:35:55.307449
+2250298221053,Andrew Avila,basic,individual,Moov Africa,Gagnoa,2024-03-31 06:08:34.275628
+2250303265097,Matthew Moon,basic,individual,Moov Africa,Abidjan,2024-02-03 04:56:39.662003
+2250925212932,Kevin Walters,basic,individual,Orange,Gagnoa,2025-11-12 04:24:25.937489
+2250737245018,Brandon Bailey MD,basic,merchant,Orange,Abidjan,2024-08-28 16:45:45.043626
+2250844856451,Shannon Rivera,basic,individual,Orange,San-Pédro,2025-05-30 18:02:43.127014
+2250874238856,Donna Landry,standard,individual,Orange,Korhogo,2025-10-03 05:06:35.259035
+2250688269131,Krista Gibson,basic,agent,MTN,Yamoussoukro,2026-02-23 01:39:45.688125
+2250845465535,Frank Cordova,basic,individual,Orange,Abidjan,2025-01-13 00:36:25.457038
+2250694097626,Jose Travis,basic,individual,MTN,Bouaké,2026-04-05 07:59:34.576777
+2250546335157,Kimberly Gutierrez,standard,individual,MTN,Bouaké,2024-04-30 02:37:13.135562
+2250795927282,Isaiah Avila,standard,individual,Orange,Abidjan,2025-08-04 20:39:08.289308
+2250836050791,Olivia Harris,standard,individual,Orange,Abidjan,2026-01-28 04:55:21.387925
+2250706314035,Tanya Kim,premium,individual,Orange,Gagnoa,2025-12-02 16:08:27.945988
+2250187328077,Barbara Dudley,basic,individual,Moov Africa,Abidjan,2024-04-24 10:57:05.702752
+2250506624813,Cynthia Moore,basic,individual,MTN,Abidjan,2024-03-24 02:36:22.578385
+2250930609069,Kristen Davis,basic,individual,Orange,Abidjan,2026-04-27 06:11:33.929455
+2250843627187,Susan Murray MD,basic,individual,Orange,Daloa,2024-05-14 11:46:22.480176
+2250624418222,Kathleen Moran,basic,individual,MTN,Bouaké,2024-04-08 02:15:56.053808
+2250971580290,Denise Davenport,standard,agent,Orange,Abidjan,2025-10-06 11:54:47.658425
+2250711063301,Mrs. Kristen Reyes,basic,individual,Orange,Yamoussoukro,2024-03-27 10:16:29.717309
+2250638044210,Katie Suarez,basic,individual,MTN,Abidjan,2025-09-25 15:02:00.281758
+2250545307624,Desiree Tyler,standard,individual,MTN,Daloa,2026-03-09 10:59:34.094468
+2250893993379,Timothy Romero,basic,individual,Orange,Abidjan,2024-10-03 10:40:42.974980
+2250672768297,Diane Evans,standard,individual,MTN,Abidjan,2026-02-23 21:52:53.801818
+2250811221823,Yvonne Burns,basic,individual,Orange,Abidjan,2024-09-12 07:09:22.669233
+2250682632809,Joshua Reed,basic,individual,MTN,Bouaké,2026-03-16 23:08:10.712080
+2250838040325,Kimberly Gibson,basic,individual,Orange,Gagnoa,2025-01-25 04:15:52.995926
+2250612316600,Colin Terry,basic,merchant,MTN,Daloa,2025-02-02 07:26:44.462932
+2250595829236,Cynthia Rowe,basic,merchant,MTN,Abidjan,2026-04-23 12:23:27.537833
+2250570755047,Patrick Thornton,standard,individual,MTN,Abidjan,2025-01-05 10:01:08.637890
+2250661213773,Jasmin Alvarado,basic,merchant,MTN,Korhogo,2026-01-09 17:23:21.202228
+2250596180332,Veronica Simpson,basic,individual,MTN,Korhogo,2025-02-02 09:01:49.713828
+2250722821781,Jonathan Lawrence,standard,individual,Orange,Abidjan,2024-12-04 02:51:41.202906
+2250647876989,Shelly Alexander,standard,individual,MTN,Korhogo,2024-01-28 00:32:45.343401
+2250639243588,Joyce Bowen,basic,individual,MTN,Korhogo,2025-06-08 12:26:43.079346
+2250713477894,Matthew Moore,basic,individual,Orange,Abidjan,2024-06-26 03:44:32.636099
+2250521994711,Wayne Morgan,basic,individual,MTN,Abidjan,2024-02-14 13:32:31.045664
+2250679352196,Marie Christian,basic,individual,MTN,Abidjan,2025-08-24 21:37:07.902512
+2250242364281,Shannon James,basic,individual,Moov Africa,Abidjan,2026-01-21 14:09:03.316470
+2250123959473,Nathan Malone,basic,individual,Moov Africa,San-Pédro,2026-02-02 18:27:23.745367
+2250721450576,Amanda Jones,standard,individual,Orange,Daloa,2026-02-06 16:36:11.146059
+2250981265742,Tammie Bright,basic,individual,Orange,Man,2026-04-14 04:02:00.981446
+2250998493306,Jessica Garcia,basic,individual,Orange,Abidjan,2026-01-15 21:46:43.579656
+2250611110286,Shelia Wallace,basic,individual,MTN,Abidjan,2026-01-12 19:10:26.664498
+2250294281793,Stephanie Williams,standard,individual,Moov Africa,Abidjan,2024-12-16 11:34:50.194602
+2250389437052,Elaine Brooks,basic,individual,Moov Africa,Abidjan,2025-05-18 22:26:55.806561
+2250384868999,Joseph Knight,basic,individual,Moov Africa,Korhogo,2025-12-07 00:26:00.169164
+2250536852830,Carolyn Miller,standard,individual,MTN,Abidjan,2025-02-22 12:17:29.028459
+2250221751887,Lisa Allen,basic,merchant,Moov Africa,Bouaké,2026-05-27 14:54:22.246466
+2250261863239,Briana Murray,standard,individual,Moov Africa,Korhogo,2024-11-30 04:36:05.058767
+2250790534864,David Smith,basic,individual,Orange,Abidjan,2025-02-07 08:41:20.530131
+2250704488189,Stephanie Byrd,standard,merchant,Orange,Bouaké,2025-11-27 20:26:04.898826
+2250778306396,Jeremy Reed,basic,individual,Orange,Bouaké,2025-10-06 01:59:34.011001
+2250660406720,Margaret Coleman,standard,merchant,MTN,Daloa,2024-11-03 14:34:41.600193
+2250660191344,Ryan Gonzalez,standard,individual,MTN,Korhogo,2024-10-10 17:30:46.954434
+2250196149731,John Young,basic,individual,Moov Africa,Abidjan,2025-07-13 16:35:37.758921
+2250501354621,Laura Haney,standard,individual,MTN,Abidjan,2026-04-07 11:55:39.695904
+2250312038187,William Barrett,basic,individual,Moov Africa,Yamoussoukro,2025-04-23 09:19:56.114972
+2250915724500,Keith Jennings,standard,individual,Orange,Korhogo,2026-03-29 17:00:16.565879
+2250644218299,Amber Obrien,basic,individual,MTN,Abidjan,2024-07-12 02:14:40.650866
+2250566913624,Tanner Mitchell DDS,basic,individual,MTN,Gagnoa,2024-09-11 07:51:07.389306
+2250581643212,Heather Fields,standard,individual,MTN,Yamoussoukro,2025-03-10 10:49:43.905589
+2250750404333,Megan Le,basic,individual,Orange,Korhogo,2025-04-22 16:25:37.929254
+2250691609365,Sara Fuller,standard,individual,MTN,Abidjan,2024-11-25 15:20:16.433745
+2250237666081,Maria Parker,basic,merchant,Moov Africa,Abidjan,2025-07-17 04:29:07.397999
+2250317768293,Kevin Oconnor,premium,individual,Moov Africa,Daloa,2025-03-16 03:35:09.733556
+2250590859914,Edward Burgess,basic,individual,MTN,Abidjan,2024-10-30 12:32:43.721693
+2250569087261,Carlos Ryan,basic,individual,MTN,Abidjan,2024-02-12 05:16:31.672427
+2250738595143,Kiara Mcintyre,standard,individual,Orange,Abidjan,2024-10-26 05:02:19.565110
+2250862053440,Dawn Summers,standard,individual,Orange,Abidjan,2025-03-05 03:16:18.480500
+2250852356178,Dr. Paul Morgan,premium,individual,Orange,Bouaké,2024-03-10 18:51:45.104055
+2250529502648,Victor Taylor,basic,individual,MTN,Daloa,2025-09-15 19:55:24.324291
+2250148629857,Shannon Ramsey,standard,merchant,Moov Africa,San-Pédro,2024-06-13 20:46:44.531198
+2250518219259,Tracy Ballard,basic,individual,MTN,Bouaké,2026-02-28 18:15:25.099445
+2250868299687,Richard Smith,standard,individual,Orange,Abidjan,2025-04-26 09:12:43.138834
+2250662926933,Jordan Chambers,basic,individual,MTN,Yamoussoukro,2024-01-25 16:26:51.012206
+2250893401536,Lauren Carson,basic,individual,Orange,Abidjan,2025-12-09 05:41:28.755569
+2250662258660,Ashley Hall,premium,individual,MTN,Daloa,2025-03-11 16:03:00.513525
+2250144488966,Stephen Hoffman,standard,individual,Moov Africa,Gagnoa,2025-02-03 22:51:50.347185
+2250647238750,Connie Brown,basic,individual,MTN,Korhogo,2024-04-24 13:23:27.300318
+2250883160827,Susan Turner,premium,individual,Orange,Yamoussoukro,2024-05-21 00:42:30.485711
+2250758446177,Charles Shah,standard,individual,Orange,Man,2025-01-15 20:55:00.985292
+2250978889753,Johnathan Davis,standard,merchant,Orange,San-Pédro,2025-02-05 02:36:00.073511
+2250620191116,Brandy Chavez,basic,individual,MTN,Abidjan,2024-10-01 15:39:16.220735
+2250543658585,Natalie Bautista,basic,individual,MTN,Korhogo,2025-11-13 12:47:56.965873
+2250563224815,Patrick Moore,basic,individual,MTN,Gagnoa,2024-02-16 15:29:02.968395
+2250662347124,Brett Burns,basic,individual,MTN,Abidjan,2024-07-26 04:49:27.887897
+2250590150713,Trevor Johnson,basic,individual,MTN,Abidjan,2024-10-27 18:45:45.931563
+2250266614590,Jeremy Sampson,standard,individual,Moov Africa,Korhogo,2025-04-14 14:55:46.521967
+2250879433256,Ariana Jennings,basic,agent,Orange,Korhogo,2025-04-06 00:19:31.378426
+2250148067571,Vanessa Howard,standard,individual,Moov Africa,Abidjan,2025-02-18 04:17:20.770948
+2250196156078,Colton Martinez,standard,individual,Moov Africa,Abidjan,2025-11-13 02:57:30.129913
+2250560911413,Jordan Bates,premium,individual,MTN,Abidjan,2024-01-27 07:01:16.425198
+2250144096617,Linda Smith,standard,individual,Moov Africa,Bouaké,2025-08-28 12:44:05.652117
+2250159266486,Dana Martinez,standard,individual,Moov Africa,Bouaké,2024-05-27 03:51:38.975642
+2250664896676,Andrea Hubbard,basic,individual,MTN,Korhogo,2025-12-26 17:27:51.286185
+2250267746259,Daniel Kane,basic,merchant,Moov Africa,Abidjan,2026-01-18 21:14:42.173348
+2250547264261,Charles Lester,basic,individual,MTN,Abidjan,2024-03-06 20:53:03.823309
+2250103886217,Scott Thomas,basic,individual,Moov Africa,Abidjan,2024-10-20 13:57:42.395131
+2250918167784,David Thompson,basic,individual,Orange,Abidjan,2026-05-20 06:42:51.564287
+2250571472463,Allison Smith,basic,individual,MTN,Abidjan,2025-08-31 10:56:12.631326
+2250138453198,Cynthia Morris,standard,individual,Moov Africa,Korhogo,2025-07-02 14:03:28.775242
+2250626970838,Anthony Harmon,basic,individual,MTN,Bouaké,2025-02-22 08:01:06.658050
+2250878982604,Nichole Alvarez,premium,merchant,Orange,Bouaké,2024-04-28 06:42:47.077553
+2250642185457,Kayla Rodriguez,standard,individual,MTN,Abidjan,2024-03-31 09:32:49.763732
+2250922473126,Theresa Williams,basic,individual,Orange,Gagnoa,2025-03-06 13:15:26.392548
+2250943298769,Sharon Boyd,standard,merchant,Orange,Abidjan,2025-09-02 09:30:58.130378
+2250552680648,Victor Brown,basic,agent,MTN,Korhogo,2024-09-07 10:59:47.768472
+2250722069535,James Parks,standard,individual,Orange,Man,2024-03-06 07:09:50.472167
+2250527980595,Theodore Jones Jr.,standard,individual,MTN,Man,2026-03-05 02:13:12.151565
+2250759928553,Ana Hill,premium,individual,Orange,San-Pédro,2024-12-04 06:21:56.626056
+2250517365426,Kimberly Nguyen,basic,individual,MTN,Abidjan,2025-08-31 23:42:05.265693
+2250609207115,Kerry Chavez DDS,standard,individual,MTN,Abidjan,2026-03-24 06:09:56.487903
+2250380053789,Michael Farrell,standard,individual,Moov Africa,Abidjan,2024-09-28 13:25:21.925639
+2250381165993,Patricia Le,standard,individual,Moov Africa,San-Pédro,2025-11-28 14:52:06.852254
+2250505937775,Jesse Perez,basic,individual,MTN,Yamoussoukro,2025-06-12 07:23:59.958985
+2250208056856,Jesse Perry,standard,individual,Moov Africa,Man,2025-12-05 21:13:13.920691
+2250549627322,Jeffery Ortega,basic,individual,MTN,Abidjan,2025-11-17 02:49:06.275325
+2250131158760,Christian Leblanc,basic,individual,Moov Africa,San-Pédro,2025-10-16 22:59:42.482972
+2250707423591,Ronald Davis,basic,individual,Orange,Abidjan,2025-12-24 07:24:45.877313
+2250317852211,Parker Cain,basic,individual,Moov Africa,Bouaké,2024-04-08 19:52:29.541901
+2250778105580,Laurie Hoffman,basic,individual,Orange,Man,2024-08-08 08:07:53.577468
+2250797352595,Bryan Gomez,standard,individual,Orange,Daloa,2024-09-13 23:14:25.221723
+2250923601071,Nicole Parrish,basic,individual,Orange,Abidjan,2025-03-25 20:57:42.926324
+2250618520136,Tracy Burke,basic,individual,MTN,San-Pédro,2025-11-13 07:34:07.937109
+2250724139369,Kenneth Lewis,basic,individual,Orange,Bouaké,2026-03-08 09:05:20.051307
+2250594319165,Courtney Rodriguez,basic,individual,MTN,Abidjan,2025-02-13 08:05:53.054275
+2250871195296,Holly Farmer,basic,individual,Orange,Abidjan,2025-01-26 17:38:19.263362
+2250808822309,Renee Bruce,basic,individual,Orange,Abidjan,2024-04-28 12:09:07.568311
+2250296461293,Sabrina Austin,standard,merchant,Moov Africa,Daloa,2025-10-31 01:33:11.777008
+2250920334742,Allison Hickman,basic,merchant,Orange,Abidjan,2025-06-12 02:27:56.130460
+2250185022894,Debra White,basic,agent,Moov Africa,Abidjan,2024-06-01 15:01:59.484343
+2250830245301,Ellen Morgan,premium,individual,Orange,Abidjan,2024-12-18 21:12:23.144967
+2250682373379,Sergio Knight,standard,individual,MTN,Abidjan,2025-06-23 12:20:50.312020
+2250952951712,Charles Schultz,basic,individual,Orange,Man,2024-02-10 01:04:37.626569
+2250951953774,Paul Lewis,standard,individual,Orange,Man,2025-11-17 16:55:57.919333
+2250830295596,Glen Wood,basic,individual,Orange,Abidjan,2025-08-24 11:13:57.050714
+2250115481582,Paula Bradley,standard,individual,Moov Africa,Bouaké,2024-05-24 19:32:33.315062
+2250132041042,Anthony Moore,standard,individual,Moov Africa,Bouaké,2025-05-18 06:10:31.858818
+2250183805826,Megan Nelson,standard,individual,Moov Africa,Yamoussoukro,2025-08-20 23:00:22.762310
+2250959208814,Karla Ramos,basic,individual,Orange,Abidjan,2026-04-22 22:00:13.711588
+2250894179967,Paul Wilson,basic,individual,Orange,Abidjan,2026-01-27 01:08:43.948773
+2250821026270,Douglas Gregory,basic,individual,Orange,Abidjan,2024-07-02 03:12:52.262323
+2250785630275,Mr. Andrew Foster,premium,individual,Orange,Abidjan,2024-06-08 14:27:32.788843
+2250567456865,Aimee Turner,basic,individual,MTN,Man,2024-02-29 00:21:14.787776
+2250183507124,Chad Scott,basic,individual,Moov Africa,Abidjan,2025-05-17 10:21:22.038480
+2250147841715,Adam Burgess,standard,individual,Moov Africa,San-Pédro,2025-07-17 19:19:04.836279
+2250286251521,James Padilla,basic,individual,Moov Africa,Abidjan,2025-02-14 12:59:13.196699
+2250645099990,Sandra Drake,standard,individual,MTN,Abidjan,2025-10-20 05:39:55.657667
+2250524883971,Scott Williams,basic,individual,MTN,Man,2025-05-13 22:36:38.626948
+2250669335158,Thomas Atkins,basic,individual,MTN,Abidjan,2025-08-30 11:40:07.165527
+2250209085818,Laura Mckinney,standard,individual,Moov Africa,Abidjan,2025-08-01 03:05:54.031704
+2250716436902,Brian Smith,standard,individual,Orange,Man,2025-07-25 15:15:39.421878
+2250589395309,Robert Montgomery,basic,merchant,MTN,Korhogo,2025-10-18 07:46:29.780758
+2250587758333,Tamara Davis,basic,individual,MTN,Korhogo,2024-04-11 00:12:42.929530
+2250238109794,Dana Chapman,basic,individual,Moov Africa,Yamoussoukro,2025-01-26 18:03:25.597080
+2250720095366,Jennifer Collins,standard,individual,Orange,Abidjan,2025-05-07 10:00:32.890723
+2250752160252,Gary Jackson,basic,individual,Orange,Yamoussoukro,2024-07-19 03:52:35.148747
+2250924559851,Ashley Hicks,basic,individual,Orange,Abidjan,2025-02-02 12:42:26.171760
+2250337819190,Hannah Luna,basic,individual,Moov Africa,Yamoussoukro,2025-04-30 21:34:04.798000
+2250839190088,Robin Young,standard,individual,Orange,Korhogo,2024-08-25 03:11:42.376631
+2250211815198,Craig Morrison,standard,individual,Moov Africa,San-Pédro,2024-09-12 02:15:36.257906
+2250223570041,Mary Thompson,basic,individual,Moov Africa,Abidjan,2024-11-25 08:16:42.718823
+2250519153057,Kathleen Webster,standard,individual,MTN,Korhogo,2024-11-28 01:53:17.796085
+2250800618489,Joann Glass,basic,individual,Orange,Abidjan,2025-01-15 08:57:37.619133
+2250982188496,Madison Weber,basic,individual,Orange,Gagnoa,2024-10-21 17:59:16.119138
+2250772186003,Lori Hernandez,basic,individual,Orange,Gagnoa,2025-05-28 20:10:09.502843
+2250572790371,Jeremy Turner,premium,individual,MTN,Abidjan,2024-06-05 09:22:06.746697
+2250821501642,Anthony Romero,basic,individual,Orange,Abidjan,2025-10-29 18:57:13.342536
+2250986463395,Jesse Brown,basic,merchant,Orange,Bouaké,2024-09-14 23:07:43.002819
+2250523959781,Angela Lin,basic,individual,MTN,Abidjan,2025-05-07 01:55:38.582631
+2250815647837,Lisa Hunter,standard,individual,Orange,Abidjan,2025-09-16 14:25:27.267574
+2250838676259,Julian Conner,basic,individual,Orange,Man,2024-05-16 21:19:02.535339
+2250527362732,Joanna Pacheco,basic,individual,MTN,Abidjan,2026-05-03 01:07:56.223235
+2250531637050,Erica Alvarez,premium,individual,MTN,Abidjan,2025-07-30 12:12:43.847644
+2250267652728,Antonio Garcia,standard,agent,Moov Africa,Abidjan,2025-05-24 05:01:11.656093
+2250732023510,Gwendolyn Klein,basic,individual,Orange,Abidjan,2026-01-14 19:13:26.654546
+2250965999201,Carrie Wright,basic,individual,Orange,Gagnoa,2026-04-10 17:37:52.791687
+2250652403211,Jeffrey Mills,basic,individual,MTN,Abidjan,2024-08-26 19:40:39.951695
+2250532998651,Jake Campbell,basic,individual,MTN,Yamoussoukro,2025-07-03 21:26:55.600149
+2250701223414,George Harper,standard,individual,Orange,Abidjan,2025-12-18 06:31:36.677883
+2250350095372,Maria Jones,basic,agent,Moov Africa,Abidjan,2025-06-26 08:27:09.678187
+2250834942904,Michael Mitchell,standard,individual,Orange,Daloa,2024-04-16 22:25:23.856769
+2250168904723,Mary Escobar,basic,merchant,Moov Africa,Korhogo,2025-07-14 16:32:52.575216
+2250747614378,Felicia Aguilar,premium,individual,Orange,Bouaké,2026-03-24 07:55:57.114708
+2250127729108,Gregory Ponce,basic,individual,Moov Africa,Abidjan,2024-12-19 18:38:19.696955
+2250950492217,Jenna Larson,basic,agent,Orange,Yamoussoukro,2026-05-07 15:44:21.220812
+2250771826533,Emily Bennett,basic,individual,Orange,Bouaké,2024-01-20 15:43:28.617899
+2250915890164,Robin Santiago,standard,individual,Orange,Yamoussoukro,2024-11-22 03:03:33.000988
+2250791702634,Nancy Jennings,basic,individual,Orange,Abidjan,2025-02-25 17:13:58.255688
+2250236524055,Maria Henderson,basic,individual,Moov Africa,Korhogo,2024-08-10 04:42:16.067292
+2250166799864,Jack White,standard,individual,Moov Africa,Abidjan,2024-02-19 11:14:26.958615
+2250320849315,Travis Tucker,basic,merchant,Moov Africa,Bouaké,2025-09-12 01:00:01.711447
+2250794896298,Chad Jones,premium,individual,Orange,Gagnoa,2025-05-26 11:14:28.126143
+2250561920259,Ashley Wise,standard,individual,MTN,Yamoussoukro,2024-01-24 15:34:22.138313
+2250585173289,Sophia Johnson,basic,individual,MTN,Abidjan,2026-03-29 19:58:07.944650
+2250800409304,Ralph Anderson,basic,individual,Orange,Abidjan,2025-06-19 21:48:14.536826
+2250869333562,Christopher Guerra,basic,individual,Orange,Man,2026-03-13 04:19:36.556500
+2250360472205,Rhonda Martin,basic,individual,Moov Africa,Man,2024-11-07 05:01:19.243914
+2250263605028,Jason Rhodes,standard,individual,Moov Africa,Abidjan,2026-04-15 15:55:50.502034
+2250697953192,Jeremy Mitchell,premium,individual,MTN,Abidjan,2024-08-04 16:55:47.934482
+2250570472660,Joann Ferguson,basic,individual,MTN,Abidjan,2026-01-29 19:09:16.075272
+2250668057023,Robert Harrison,premium,individual,MTN,San-Pédro,2024-09-20 08:05:29.288605
+2250325326769,Holly Valentine,standard,individual,Moov Africa,San-Pédro,2025-09-22 10:22:14.727222
+2250700643322,Mrs. Diane Reyes,standard,individual,Orange,Abidjan,2025-12-06 23:53:16.052426
+2250174027406,Tracy Montoya,basic,individual,Moov Africa,Korhogo,2024-12-01 09:34:38.760591
+2250861212898,Brenda Wright,standard,individual,Orange,Abidjan,2024-08-23 19:32:22.520311
+2250306134956,Shelly Spencer,basic,individual,Moov Africa,Korhogo,2024-05-27 03:15:19.392185
+2250675124764,Ryan Rosales,basic,individual,MTN,Abidjan,2024-03-02 07:49:28.712205
+2250749096197,Phillip Nelson,standard,individual,Orange,Daloa,2024-05-05 15:46:46.247374
+2250773420319,Brittany Kim,standard,agent,Orange,San-Pédro,2025-03-06 04:39:55.439125
+2250778824265,Courtney Hayes,standard,individual,Orange,Bouaké,2025-02-26 08:51:32.892761
+2250663802076,Alexander Brown,basic,individual,MTN,Abidjan,2025-03-19 05:14:22.920504
+2250393348649,Cynthia Vang,premium,individual,Moov Africa,Man,2025-01-05 14:24:04.851966
+2250870521879,Alfred Galvan,standard,individual,Orange,Daloa,2026-04-23 13:22:48.255739
+2250940366401,Marie Moody,basic,individual,Orange,Man,2025-10-14 15:43:14.674550
+2250818548396,Dustin Gallegos,standard,individual,Orange,Abidjan,2025-07-09 07:59:56.718366
+2250802928643,Brenda Thornton,premium,individual,Orange,Korhogo,2024-10-07 04:40:01.182092
+2250824461440,Aaron Miller,standard,individual,Orange,Abidjan,2024-05-12 22:17:18.513389
+2250927764149,Ruben Dunn,basic,merchant,Orange,Abidjan,2025-07-26 13:07:41.206705
+2250973143915,Kelsey Rodriguez,basic,individual,Orange,Abidjan,2026-04-08 19:04:49.895671
+2250516633822,Eric Williams,basic,individual,MTN,Abidjan,2024-08-29 16:00:22.714878
+2250345645234,Riley Bryant,basic,agent,Moov Africa,Abidjan,2025-11-25 19:18:01.372508
+2250665353896,Taylor Carlson,basic,individual,MTN,Yamoussoukro,2024-01-23 01:09:58.209947
+2250761538116,Jose Allen,standard,individual,Orange,Bouaké,2024-08-12 00:52:59.608186
+2250521463947,Jeffrey Mendez,basic,individual,MTN,Abidjan,2024-09-04 09:26:03.872935
+2250873481409,Jason Beck,basic,individual,Orange,San-Pédro,2025-11-25 03:22:44.250289
+2250768019903,William Jones,basic,individual,Orange,Abidjan,2024-04-27 19:54:12.852693
+2250112874527,Katie Mcneil,premium,agent,Moov Africa,Abidjan,2024-07-04 21:37:53.455541
+2250579899488,Jeanette Harrison,premium,merchant,MTN,Abidjan,2026-02-19 21:51:29.374503
+2250107623811,Veronica King,basic,agent,Moov Africa,Korhogo,2026-03-04 17:58:01.153720
+2250305357228,Richard Cooper,standard,merchant,Moov Africa,Man,2026-02-19 15:01:30.643225
+2250880378912,Lori Ingram,basic,merchant,Orange,Daloa,2025-07-01 00:28:57.540981
+2250749802530,Evelyn Williams,basic,individual,Orange,Abidjan,2025-11-18 21:21:22.023517
+2250158286304,Robin Thompson,basic,individual,Moov Africa,Daloa,2025-12-24 16:33:43.385153
+2250550313928,Julie Dominguez,basic,individual,MTN,Bouaké,2024-06-07 21:44:30.887120
+2250816225647,Robin Brown,basic,individual,Orange,Korhogo,2026-03-19 11:29:34.878063
+2250812092815,Judith Carter,basic,individual,Orange,Abidjan,2025-04-18 03:27:50.836009
+2250941783765,Curtis Williams,standard,merchant,Orange,Man,2025-11-30 23:33:31.373290
+2250776729350,Kaylee Hays,standard,merchant,Orange,Yamoussoukro,2024-10-26 01:47:45.571101
+2250909451676,Dawn Mullins,standard,individual,Orange,Abidjan,2024-11-18 11:33:52.646806
+2250160549469,Howard Norman,basic,individual,Moov Africa,Bouaké,2024-08-28 08:13:35.425451
+2250238148374,Evelyn Martinez,basic,individual,Moov Africa,Abidjan,2026-03-25 21:23:59.210479
+2250672853533,Steve Paul,standard,individual,MTN,Yamoussoukro,2026-04-02 13:37:22.565985
+2250354613087,Jasmine Beltran,standard,individual,Moov Africa,Gagnoa,2026-01-08 02:46:07.571447
+2250866764099,Jonathan Glass MD,standard,individual,Orange,Abidjan,2025-07-18 23:29:14.055504
+2250560080265,Monica Miller,standard,individual,MTN,San-Pédro,2026-04-22 13:32:41.618825
+2250320860146,Samantha Gardner,standard,individual,Moov Africa,Abidjan,2026-04-26 10:06:14.033802
+2250909304376,Bobby Guerrero,basic,individual,Orange,Abidjan,2024-03-05 12:34:12.590842
+2250563688501,Lance Simmons,standard,individual,MTN,Abidjan,2026-02-11 03:29:33.822706
+2250297772659,Heather Williams,standard,individual,Moov Africa,Abidjan,2025-02-21 07:50:13.290485
+2250350092449,Heather Bolton,standard,individual,Moov Africa,Abidjan,2025-05-24 19:42:22.908986
+2250805714469,William Gould,basic,individual,Orange,Abidjan,2024-03-03 21:50:27.559774
+2250858708943,Mark Cox,basic,individual,Orange,Man,2024-05-16 00:21:07.570680
+2250112794337,Meghan Cisneros,standard,individual,Moov Africa,Daloa,2026-03-10 00:07:56.905832
+2250654514609,Lawrence Harrington,standard,individual,MTN,Yamoussoukro,2025-02-27 07:43:23.406491
+2250275626412,Austin Osborne,standard,individual,Moov Africa,Abidjan,2026-01-29 01:21:13.388387
+2250734275576,James Bradley,basic,merchant,Orange,Yamoussoukro,2025-12-29 12:22:48.535953
+2250592219836,Meghan Rush,standard,individual,MTN,Abidjan,2026-04-14 03:46:44.348371
+2250582368810,Phillip Berry,basic,individual,MTN,Abidjan,2024-10-19 19:14:27.665000
+2250707071634,Jennifer Banks,standard,individual,Orange,Daloa,2026-03-21 14:44:51.459662
+2250602234614,Brian Fitzgerald,basic,individual,MTN,Abidjan,2024-05-23 10:58:27.143483
+2250922912706,Mr. Justin Green III,basic,individual,Orange,Abidjan,2024-05-31 08:34:48.814392
+2250857898497,Zachary Mitchell,standard,individual,Orange,Yamoussoukro,2024-03-03 05:02:05.227995
+2250956316312,Katherine Martinez,standard,individual,Orange,Gagnoa,2024-07-06 19:37:36.962623
+2250683563998,Jodi Roach,standard,individual,MTN,Abidjan,2025-07-25 11:20:29.768465
+2250345315630,Brandon Fleming,standard,individual,Moov Africa,Abidjan,2026-03-07 00:24:52.834412
+2250644248420,Emma Reed,basic,individual,MTN,Abidjan,2026-03-10 01:33:32.751403
+2250335659429,Joshua Vance,standard,merchant,Moov Africa,Abidjan,2024-06-18 15:14:32.580991
+2250233488933,Michelle Ho,basic,individual,Moov Africa,Bouaké,2025-03-13 06:50:23.035288
+2250696686679,Rebecca Hicks,basic,individual,MTN,Yamoussoukro,2025-11-27 21:20:48.309048
+2250601674492,Curtis Taylor,basic,individual,MTN,San-Pédro,2026-05-30 10:55:49.737551
+2250778969519,Allison Spencer,standard,individual,Orange,Abidjan,2026-03-18 08:06:59.326815
+2250657762626,Robert Arnold,basic,individual,MTN,Abidjan,2026-02-12 05:05:53.554001
+2250867687404,Angelica Parker,standard,merchant,Orange,Abidjan,2024-02-18 02:35:17.732409
+2250134956119,Dr. Kelly Hammond DVM,standard,individual,Moov Africa,Yamoussoukro,2025-01-21 21:55:52.708663
+2250554739862,William Day,premium,individual,MTN,Abidjan,2025-05-29 18:24:02.242250
+2250338735186,Michael Cooper,basic,individual,Moov Africa,Man,2024-05-04 16:42:54.273844
+2250767592383,Penny Bowman,premium,individual,Orange,Abidjan,2024-06-03 07:54:47.879057
+2250855766345,Vincent Reynolds,premium,individual,Orange,Abidjan,2025-06-12 05:08:06.287571
+2250175626996,Amy Martinez,premium,individual,Moov Africa,Abidjan,2024-03-21 07:51:12.953905
+2250140654747,Christopher Morris,premium,individual,Moov Africa,Abidjan,2025-02-06 15:48:02.693319
+2250865699313,Hannah Everett,basic,individual,Orange,Gagnoa,2025-02-25 07:41:48.016926
+2250290534728,Sarah King,basic,individual,Moov Africa,Abidjan,2024-09-22 05:27:19.207729
+2250949597521,Krista Martinez,basic,individual,Orange,Yamoussoukro,2025-11-22 05:29:09.902850
+2250709358201,Joseph Shaw,basic,individual,Orange,Abidjan,2025-05-26 08:17:52.379023
+2250660539260,Todd Moore,standard,agent,MTN,Abidjan,2024-03-18 07:25:44.348217
+2250251991981,Michelle Jacobs,basic,individual,Moov Africa,Abidjan,2024-07-27 14:25:50.250604
+2250194907634,Kristy Bryan,standard,merchant,Moov Africa,Abidjan,2025-12-30 08:47:06.121503
+2250879475816,Angel May,basic,individual,Orange,Abidjan,2024-08-19 20:33:35.155975
+2250259001706,Marilyn Wang,basic,individual,Moov Africa,Korhogo,2025-06-28 14:48:34.790975
+2250936635796,Mark Jimenez,basic,individual,Orange,Daloa,2026-01-07 19:15:14.612238
+2250978925946,Donna Frye,premium,individual,Orange,Korhogo,2025-07-07 20:48:00.120770
+2250154011272,Dr. Michael Evans,basic,individual,Moov Africa,Man,2024-11-03 23:27:26.631894
+2250909703425,Anthony Gonzales,standard,individual,Orange,Gagnoa,2024-04-01 20:38:10.126663
+2250910657351,Mr. Lawrence Edwards,basic,individual,Orange,Abidjan,2025-09-14 16:38:14.052480
+2250156870941,Morgan Valencia,basic,merchant,Moov Africa,Man,2025-04-05 04:02:32.807255
+2250610484809,Bianca Wood,basic,merchant,MTN,Daloa,2024-04-15 08:11:46.357778
+2250726934854,Emma Owens,premium,individual,Orange,San-Pédro,2025-03-13 20:21:33.120242
+2250679570399,David Davis,standard,individual,MTN,Abidjan,2025-05-12 10:14:26.902232
+2250300644885,James Gilbert,basic,individual,Moov Africa,Bouaké,2025-03-18 22:35:20.446144
+2250987860203,Sean Moore,standard,individual,Orange,Gagnoa,2024-05-16 21:52:37.058167
+2250549562917,Kenneth Edwards,premium,individual,MTN,Yamoussoukro,2024-10-02 06:53:45.848371
+2250778548330,Kathleen Robertson,standard,individual,Orange,Abidjan,2025-11-12 17:06:25.758361
+2250509251920,Mr. Alexander Landry MD,basic,individual,MTN,Bouaké,2024-05-27 19:47:45.489454
+2250983124977,Cindy Gomez,basic,individual,Orange,Man,2026-02-06 19:15:41.920476
+2250525492036,Johnny Khan,standard,individual,MTN,Abidjan,2024-04-30 04:21:06.299324
+2250896677153,Julie Herrera,standard,individual,Orange,Abidjan,2024-02-17 15:42:27.761141
+2250567549393,Jessica Khan,basic,individual,MTN,Abidjan,2024-12-10 20:30:40.143961
+2250723641224,Pamela Diaz,standard,individual,Orange,Man,2024-04-13 14:29:04.782484
+2250757557166,Kelly Lee,standard,merchant,Orange,Abidjan,2024-12-13 06:04:28.605615
+2250614336080,Angel Gordon,standard,individual,MTN,Yamoussoukro,2024-11-12 09:45:34.108478
+2250228007272,Diana Hays,standard,agent,Moov Africa,San-Pédro,2025-02-20 14:21:12.033391
+2250671164560,Barbara Hester,basic,individual,MTN,Yamoussoukro,2025-06-03 01:18:10.319832
+2250287201240,Robert Morgan,basic,individual,Moov Africa,Abidjan,2024-06-03 04:52:52.669881
+2250841799654,Nicole Gonzalez,basic,individual,Orange,Abidjan,2024-03-11 03:14:04.961814
+2250905166608,Kathryn Williams,standard,individual,Orange,Daloa,2025-03-09 15:44:31.695199
+2250360610471,Gary Wells,standard,merchant,Moov Africa,Bouaké,2024-12-23 19:05:22.175575
+2250914051325,Larry Robertson,standard,individual,Orange,Abidjan,2026-03-01 20:20:16.963142
+2250998709339,Louis Martin,basic,merchant,Orange,Abidjan,2025-10-12 19:42:30.310375
+2250686989484,Nancy Evans MD,basic,individual,MTN,Bouaké,2024-02-28 05:53:31.658377
+2250533530049,Kim Erickson,standard,merchant,MTN,Yamoussoukro,2024-01-28 22:08:48.297417
+2250279211625,Robert Richardson,basic,individual,Moov Africa,San-Pédro,2025-04-12 07:08:09.228982
+2250192600011,Veronica Silva,standard,individual,Moov Africa,Korhogo,2024-05-23 07:24:07.164476
+2250106318641,Molly Watts,basic,agent,Moov Africa,Abidjan,2025-02-25 18:50:29.022002
+2250871269379,John Coffey,basic,individual,Orange,Daloa,2024-04-24 12:47:15.789636
+2250690627879,Paula Lane,basic,individual,MTN,Man,2026-03-17 19:48:38.303884
+2250939579551,Lauren Jackson,standard,individual,Orange,Yamoussoukro,2025-05-01 14:27:29.308864
+2250885220720,Lisa Randall,basic,individual,Orange,Abidjan,2024-09-17 22:15:12.437631
+2250207223502,Michael Johnson,standard,individual,Moov Africa,Bouaké,2024-10-10 13:54:13.991246
+2250845801517,Ashley Smith,basic,individual,Orange,Abidjan,2026-05-26 19:03:36.897266
+2250635404762,Christian Vaughn,premium,individual,MTN,Korhogo,2025-05-01 00:50:09.213562
+2250793554592,Reginald Knapp,basic,individual,Orange,Korhogo,2025-09-04 18:48:57.177746
+2250999307461,Nancy Brown,standard,individual,Orange,Korhogo,2024-10-26 13:11:21.165392
+2250916043598,Daniel Nguyen,basic,individual,Orange,Yamoussoukro,2024-08-03 16:01:30.217335
+2250165327355,Kelly Edwards,standard,individual,Moov Africa,Abidjan,2025-12-19 11:55:15.092793
+2250704555595,Thomas Peterson,basic,individual,Orange,Gagnoa,2025-06-01 20:26:45.906644
+2250290769721,Raymond Le,basic,individual,Moov Africa,San-Pédro,2025-01-10 07:46:24.659432
+2250688728206,Melissa Bishop,basic,individual,MTN,Abidjan,2025-09-25 01:08:49.280080
+2250652573787,David Grant,standard,individual,MTN,Bouaké,2024-02-28 01:13:44.035898
+2250688031664,William Evans,premium,individual,MTN,Gagnoa,2025-05-28 12:40:05.624267
+2250201708671,Daniel Bush,basic,agent,Moov Africa,Abidjan,2025-10-16 03:17:23.550915
+2250507017850,Gregory Peck,standard,agent,MTN,Abidjan,2024-03-20 04:29:54.438940
+2250951337937,Denise Martinez,standard,individual,Orange,Korhogo,2025-09-20 03:52:39.829950
+2250959321359,Jamie Baird,basic,individual,Orange,Bouaké,2024-04-14 12:52:30.624889
+2250545292676,Tina Ballard,standard,individual,MTN,Bouaké,2025-12-23 01:33:59.846349
+2250680531602,Dwayne Klein,standard,agent,MTN,Abidjan,2026-05-06 02:05:35.494026
+2250958663565,Jeremy Scott,standard,individual,Orange,Abidjan,2025-09-14 00:45:10.102759
+2250388712320,Dale Ryan,basic,individual,Moov Africa,Abidjan,2024-06-03 03:05:58.997077
+2250704535859,Melissa Taylor,basic,merchant,Orange,Abidjan,2025-05-03 17:27:40.912070
+2250896467386,Laurie Sanchez,standard,individual,Orange,Gagnoa,2025-02-19 14:48:26.268389
+2250739459942,Kiara Little,basic,merchant,Orange,Abidjan,2026-05-21 08:37:11.318797
+2250653629171,Jason Love,basic,individual,MTN,Abidjan,2025-07-13 17:04:48.488874
+2250535321244,Randy Smith,basic,individual,MTN,San-Pédro,2025-02-11 09:49:56.909984
+2250573421120,Tanya Russell,standard,individual,MTN,Yamoussoukro,2025-05-25 16:42:22.415904
+2250517236670,Sherry Woods,premium,individual,MTN,Gagnoa,2025-11-23 19:56:54.460929
+2250895607148,Victor Morris,basic,individual,Orange,Abidjan,2025-10-27 02:26:25.596022
+2250540863323,Susan Davis,basic,individual,MTN,Daloa,2025-07-14 02:52:30.371938
+2250636932380,Kimberly Sharp,basic,individual,MTN,San-Pédro,2024-04-04 07:44:29.182906
+2250516861146,Susan Thompson,premium,individual,MTN,Daloa,2025-11-26 05:42:31.044186
+2250345459566,Casey Gillespie,basic,individual,Moov Africa,Abidjan,2024-07-01 11:37:07.641567
+2250609340991,Jennifer Simpson DVM,basic,individual,MTN,Man,2026-04-12 14:50:03.972115
+2250829544966,Tammy Mcdowell,standard,individual,Orange,Abidjan,2025-08-13 09:25:40.602723
+2250294841423,Keith Rodriguez,basic,individual,Moov Africa,Abidjan,2024-08-29 18:04:10.419346
+2250388523774,Mrs. Virginia Daniels,standard,individual,Moov Africa,Daloa,2024-03-27 03:49:44.111985
+2250528653839,Todd Rosales MD,standard,agent,MTN,Abidjan,2025-06-10 15:05:35.731058
+2250672676541,Brian Martin,standard,individual,MTN,Bouaké,2025-10-09 19:06:52.907338
+2250893327633,David Lopez,premium,individual,Orange,Abidjan,2025-06-18 23:36:59.056097
+2250817696806,Rachel Bradley,basic,individual,Orange,Daloa,2024-07-06 16:20:40.530962
+2250983315032,Casey Chase,basic,individual,Orange,Bouaké,2025-04-20 00:46:06.867242
+2250695940389,Samantha Robertson,basic,individual,MTN,Korhogo,2025-06-05 20:14:11.582420
+2250564478937,Michael Lopez,basic,individual,MTN,Yamoussoukro,2026-05-10 16:29:05.366081
+2250633878052,Franklin Wright,basic,individual,MTN,Yamoussoukro,2024-06-06 21:16:13.517229
+2250187108803,David Molina,basic,individual,Moov Africa,Abidjan,2025-07-26 20:18:21.409407
+2250357380101,Elizabeth Sharp,basic,individual,Moov Africa,Abidjan,2024-08-05 13:07:06.099487
+2250368718671,Matthew Schwartz,basic,individual,Moov Africa,Bouaké,2024-06-28 08:47:12.951064
+2250627480661,Bryan Parker,basic,merchant,MTN,Man,2025-07-20 07:38:50.101709
+2250545052112,Jonathan Jacobson,standard,individual,MTN,Daloa,2025-01-21 19:50:29.410137
+2250753847669,Emily Wilson,basic,individual,Orange,Yamoussoukro,2024-11-13 18:44:19.547836
+2250966034982,Elizabeth Mendez,basic,individual,Orange,Gagnoa,2025-06-29 18:59:46.394165
+2250759934232,Casey Hernandez,basic,individual,Orange,San-Pédro,2025-10-07 01:13:46.740942
+2250111682313,Lisa Perry,basic,individual,Moov Africa,Gagnoa,2024-05-04 14:26:30.241771
+2250666608288,Kaitlin Medina,premium,agent,MTN,Abidjan,2024-01-27 17:38:35.651061
+2250343449975,Colleen Wright,standard,individual,Moov Africa,Bouaké,2025-07-21 03:18:21.792878
+2250640703666,Shelley Miller,standard,individual,MTN,Gagnoa,2025-09-04 15:35:01.933637
+2250933045969,Michael Miller,basic,individual,Orange,Korhogo,2025-10-16 08:45:16.706498
+2250331363659,Amy Kelley,basic,individual,Moov Africa,Bouaké,2026-03-28 03:17:56.051871
+2250899010861,Laura Hernandez,standard,individual,Orange,Abidjan,2024-12-11 12:28:03.119297
+2250615579327,Joseph Wilson,basic,individual,MTN,Abidjan,2025-10-11 13:57:52.750106
+2250237729084,Kevin Davis,standard,individual,Moov Africa,Korhogo,2026-02-07 07:15:09.953566
+2250807373041,Rhonda Chavez,basic,individual,Orange,San-Pédro,2025-03-02 11:52:18.686802
+2250578195164,Joyce Brown,premium,individual,MTN,Abidjan,2025-12-26 15:08:41.347747
+2250907910651,Robert Cummings,standard,individual,Orange,Daloa,2026-05-22 17:32:34.266943
+2250572809031,Robert Reese,standard,individual,MTN,Bouaké,2025-10-18 10:38:51.942212
+2250107991540,Amber Cooper,standard,individual,Moov Africa,San-Pédro,2025-10-13 12:03:20.360221
+2250105484738,Zachary Michael,basic,individual,Moov Africa,Korhogo,2024-07-23 06:37:03.354154
+2250903081969,Timothy Johnson,basic,individual,Orange,Abidjan,2026-03-22 22:26:31.309047
+2250187249379,Randy Cannon,basic,merchant,Moov Africa,Abidjan,2024-04-29 19:59:18.941525
+2250613417005,Maria Fisher,basic,individual,MTN,Abidjan,2026-04-06 05:13:58.973250
+2250331608988,Janet Kane DVM,basic,individual,Moov Africa,Yamoussoukro,2025-07-02 14:03:55.452633
+2250338878218,Michael Stanley,basic,individual,Moov Africa,Abidjan,2025-12-21 12:37:31.609211
+2250664239402,Martha Bailey,standard,individual,MTN,Korhogo,2024-06-28 12:38:34.786150
+2250876449436,Joshua Rice,premium,individual,Orange,Abidjan,2026-04-02 10:55:26.353087
+2250350565133,Courtney Smith,basic,individual,Moov Africa,Daloa,2024-11-30 04:33:41.830129
+2250917005229,Edwin Nunez,basic,individual,Orange,Abidjan,2024-02-01 07:50:04.771548
+2250214732043,Kim Morrow,basic,individual,Moov Africa,Abidjan,2024-07-04 09:45:22.937702
+2250736702751,Gregory Hill,basic,individual,Orange,Man,2025-05-31 08:19:20.782672
+2250619020411,Molly Rodriguez,basic,individual,MTN,Abidjan,2025-02-27 12:03:51.528970
+2250539717856,Jennifer Miranda,basic,individual,MTN,Bouaké,2024-12-08 02:59:43.057203
+2250789440654,Alexis Harris,premium,individual,Orange,Daloa,2025-07-09 10:32:21.797207
+2250600327628,Andrew Harper,basic,individual,MTN,Man,2026-05-27 11:35:08.370601
+2250374874779,Amber Yang,basic,individual,Moov Africa,Daloa,2026-02-06 10:18:01.957522
+2250556828753,David Robinson,basic,individual,MTN,Daloa,2025-02-04 07:51:11.026020
+2250347505577,Amy Gordon,standard,individual,Moov Africa,Korhogo,2026-05-23 12:21:55.353070
+2250985506943,Robert Dennis,standard,individual,Orange,Yamoussoukro,2024-07-15 07:00:56.770716
+2250913293575,Kyle Chambers,basic,individual,Orange,Abidjan,2024-12-14 13:34:58.245628
+2250754692239,Eric Thomas,basic,individual,Orange,Bouaké,2024-04-01 14:12:09.521677
+2250528591565,Connie Turner,standard,individual,MTN,Abidjan,2025-12-11 01:03:29.616313
+2250774020984,Travis Hobbs,standard,individual,Orange,Abidjan,2026-01-10 02:51:38.600517
+2250823867077,Lori Simmons,basic,individual,Orange,Abidjan,2025-10-28 22:25:03.832781
+2250824725426,William David DDS,basic,individual,Orange,Man,2024-08-16 00:09:41.975475
+2250894999635,Emma Butler,basic,individual,Orange,Bouaké,2025-02-07 09:13:40.406551
+2250910967451,James Webster,standard,individual,Orange,Gagnoa,2025-07-27 22:55:13.602785
+2250993547521,Samuel Turner,basic,individual,Orange,Abidjan,2024-05-05 04:17:56.212158
+2250632149997,Renee Melendez,standard,individual,MTN,Daloa,2025-05-28 05:03:27.750760
+2250679420722,Tracy Grant,standard,individual,MTN,Yamoussoukro,2026-02-14 00:08:13.699987
+2250364031575,David Harris,basic,individual,Moov Africa,Yamoussoukro,2024-04-13 00:19:24.608908
+2250794711246,Tammy Boone,basic,individual,Orange,Abidjan,2024-10-31 08:05:30.099304
+2250118770332,Nathaniel Lee,basic,individual,Moov Africa,Korhogo,2025-06-06 00:28:22.927916
+2250531456518,Michael Morrison,standard,individual,MTN,Abidjan,2024-08-04 08:23:34.985018
+2250553842561,Chelsea Gill,basic,individual,MTN,Abidjan,2024-07-21 04:30:39.249356
+2250696493046,Kristin Mendoza,basic,individual,MTN,Abidjan,2025-04-02 19:28:52.580018
+2250394398844,Felicia Krueger,premium,individual,Moov Africa,Bouaké,2024-11-15 00:59:57.446220
+2250162761764,Timothy Hayden,standard,merchant,Moov Africa,Korhogo,2026-05-10 00:38:33.842618
+2250832783969,Zachary Mendoza,basic,individual,Orange,Daloa,2024-08-18 00:18:13.343954
+2250518730950,Larry Harris,basic,individual,MTN,Abidjan,2025-09-08 13:42:59.089600
+2250652395960,Kristen Rowe,basic,individual,MTN,Abidjan,2024-08-17 00:06:00.065400
+2250142043845,Joseph Howard,premium,individual,Moov Africa,San-Pédro,2024-02-24 01:10:10.181092
+2250841879397,Jose Crawford,basic,individual,Orange,Man,2025-05-17 16:58:48.064053
+2250587569269,William Harrison,basic,individual,MTN,Abidjan,2025-01-05 20:36:43.863998
+2250557836903,Suzanne Wood,basic,individual,MTN,Man,2026-05-24 12:36:22.448680
+2250643687163,Justin Walker,basic,individual,MTN,San-Pédro,2024-05-09 22:52:07.616658
+2250626349212,Dean Donovan,basic,individual,MTN,San-Pédro,2024-12-03 11:33:01.204712
+2250621750499,Jennifer Hernandez,basic,individual,MTN,Bouaké,2025-05-18 12:59:33.711206
+2250829615143,James Whitaker,basic,individual,Orange,Bouaké,2025-07-13 03:01:23.443898
+2250510271909,Mr. Michael Scott PhD,basic,agent,MTN,San-Pédro,2025-05-19 23:56:10.766144
+2250193508243,Maria Henry,standard,individual,Moov Africa,Abidjan,2025-05-27 20:31:27.753757
+2250175735548,Robert Jackson,premium,individual,Moov Africa,Abidjan,2025-05-14 04:14:39.001654
+2250595571421,Katherine Stark,standard,individual,MTN,Abidjan,2024-01-28 06:23:54.812744
+2250552780878,Maria Brown,basic,individual,MTN,Bouaké,2024-04-21 08:23:52.460530
+2250346568415,Ryan Landry,basic,individual,Moov Africa,Abidjan,2024-11-24 20:53:01.167039
+2250164302970,Pamela Gutierrez,basic,individual,Moov Africa,Abidjan,2026-04-21 12:16:00.449164
+2250259256297,Crystal Mann,standard,merchant,Moov Africa,Abidjan,2024-04-07 07:26:31.426669
+2250286288688,Jonathan Brooks,premium,individual,Moov Africa,Gagnoa,2026-03-16 07:14:50.786491
+2250980122016,Mary Jensen,basic,agent,Orange,Bouaké,2024-07-20 10:22:39.505580
+2250672012959,Mr. Aaron Arnold,basic,individual,MTN,Daloa,2025-10-31 02:07:32.529840
+2250523216005,Joseph Hill,standard,merchant,MTN,Daloa,2024-09-08 13:36:24.303160
+2250270116781,Alicia Li,basic,individual,Moov Africa,Abidjan,2024-08-23 23:27:36.964832
+2250707644058,Renee Browning,basic,individual,Orange,Abidjan,2026-05-24 11:58:50.653750
+2250688631240,Brent Hernandez,basic,individual,MTN,San-Pédro,2024-06-27 02:56:55.942738
+2250353478277,Joseph Ochoa,standard,individual,Moov Africa,Abidjan,2025-12-03 15:00:08.595614
+2250902409398,James Watson,basic,individual,Orange,Abidjan,2024-10-01 11:48:25.430734
+2250245514344,Karl Branch,premium,individual,Moov Africa,Abidjan,2025-07-19 06:17:08.394113
+2250553007514,Michael Abbott,basic,individual,MTN,Gagnoa,2024-08-07 01:22:34.169192
+2250610696374,Shannon Malone,standard,merchant,MTN,Man,2026-05-19 01:00:25.561477
+2250202728986,James Tran,standard,individual,Moov Africa,Gagnoa,2025-06-05 06:03:46.880027
+2250738615952,Adam Jackson,basic,individual,Orange,Man,2025-12-24 15:35:22.958423
+2250521018426,Mr. Richard Knight PhD,basic,merchant,MTN,Abidjan,2024-04-06 03:46:45.910003
+2250879017522,Joseph Williams,standard,merchant,Orange,Yamoussoukro,2024-08-24 12:47:46.923448
+2250611897873,Sean Clay,basic,individual,MTN,Bouaké,2025-10-29 15:37:53.472191
+2250943511026,Anthony Jones,standard,individual,Orange,Yamoussoukro,2025-03-20 07:28:26.363741
+2250241514487,Stephanie Elliott,basic,individual,Moov Africa,Abidjan,2024-07-11 06:28:23.451931
+2250859919456,Timothy Edwards,standard,agent,Orange,Abidjan,2024-12-24 14:26:44.793844
+2250900417707,Laurie Goodwin,basic,individual,Orange,San-Pédro,2024-04-08 19:14:12.617517
+2250981557155,Jennifer Jones,standard,agent,Orange,San-Pédro,2025-05-29 16:29:34.343627
+2250831963052,David Davenport,basic,individual,Orange,Abidjan,2025-03-17 12:58:09.016995
+2250830324827,Steven Rivera,basic,individual,Orange,San-Pédro,2025-11-23 17:15:13.058903
+2250259845033,Brenda Hinton,premium,individual,Moov Africa,Bouaké,2026-03-27 19:16:52.373429
+2250857652822,Kathryn Mccann,standard,individual,Orange,Daloa,2025-10-29 15:07:56.483940
+2250220203388,Jeffrey Roberson,basic,individual,Moov Africa,Abidjan,2025-03-30 07:04:44.530001
+2250326625478,Randy Friedman,standard,individual,Moov Africa,San-Pédro,2024-02-01 22:00:56.665575
+2250974369390,Raymond Johnson,standard,individual,Orange,Abidjan,2024-09-24 03:12:34.929077
+2250938744308,Willie Henry,basic,individual,Orange,Abidjan,2024-12-17 05:04:45.360220
+2250749726557,Todd Reynolds,basic,individual,Orange,Man,2026-02-23 16:32:05.453123
+2250746502758,Mary Miller,premium,individual,Orange,Abidjan,2024-01-22 23:55:09.564677
+2250647623703,Rebecca Marquez,standard,individual,MTN,Abidjan,2024-04-03 23:27:42.018397
+2250857168962,Christian Dawson,basic,individual,Orange,Abidjan,2025-01-14 04:05:09.925266
+2250867363163,Nancy Stewart,basic,individual,Orange,Daloa,2024-12-29 05:49:58.767883
+2250710166366,Aaron Parker,basic,merchant,Orange,Korhogo,2024-05-17 22:37:38.207388
+2250241066788,Derrick Anderson,basic,merchant,Moov Africa,Gagnoa,2024-04-19 14:31:20.089564
+2250931714795,Jerry Peters,basic,individual,Orange,Korhogo,2025-08-09 13:22:33.966839
+2250628580330,Alexander Gomez,basic,individual,MTN,Yamoussoukro,2025-11-29 10:17:45.460980
+2250260474120,Kyle Nguyen,standard,individual,Moov Africa,Bouaké,2026-05-26 06:01:31.220589
+2250788532987,Edgar Hughes,standard,individual,Orange,Abidjan,2024-10-03 13:38:28.048364
+2250977396103,Steven Stein,standard,individual,Orange,Abidjan,2025-06-27 16:54:11.509930
+2250727898852,Laura Jackson,basic,individual,Orange,Gagnoa,2026-01-26 07:28:24.240967
+2250528854273,Charles Turner,standard,individual,MTN,Abidjan,2026-01-13 01:05:33.084807
+2250297176350,Arthur Hamilton MD,basic,individual,Moov Africa,Korhogo,2025-08-13 17:19:15.035966
+2250813409731,Mr. David Wright,standard,individual,Orange,Abidjan,2026-05-02 02:46:14.398941
+2250355705295,Linda Gonzalez,basic,individual,Moov Africa,Abidjan,2026-05-04 09:37:17.482450
+2250544580197,Eric Rush,basic,individual,MTN,Abidjan,2024-02-03 10:36:51.816491
+2250880814033,Manuel Brock,basic,individual,Orange,Daloa,2025-01-02 18:05:48.529066
+2250566578130,George Ochoa,basic,individual,MTN,Yamoussoukro,2024-02-12 15:28:59.857069
+2250793408354,Valerie Taylor,standard,individual,Orange,Man,2024-10-12 12:39:50.312156
+2250250269447,Travis Harris,basic,individual,Moov Africa,Abidjan,2026-05-07 08:57:55.429376
+2250534225393,Vincent Novak,premium,individual,MTN,Abidjan,2024-12-09 10:41:04.807634
+2250246167946,Michael Henry,standard,individual,Moov Africa,Abidjan,2024-11-18 09:21:24.555361
+2250347377962,Dana Bennett,basic,individual,Moov Africa,Abidjan,2024-02-19 00:47:58.099366
+2250849665294,Jenna Wilson,standard,individual,Orange,Abidjan,2025-10-06 10:39:12.636242
+2250887503104,Leslie Gardner,standard,merchant,Orange,Yamoussoukro,2026-02-06 23:31:14.117188
+2250543566830,Krista Benton,basic,individual,MTN,Abidjan,2024-08-19 18:24:34.983469
+2250316407870,Michael Gonzales,standard,individual,Moov Africa,Daloa,2024-07-13 22:49:26.384428
+2250554827002,Michael Fuentes,standard,agent,MTN,Abidjan,2024-03-25 18:10:43.638458
+2250658922355,Jennifer Porter,standard,individual,MTN,San-Pédro,2026-03-17 23:57:04.199818
+2250647268474,Dana Hopkins,basic,individual,MTN,San-Pédro,2024-07-05 01:14:34.660282
+2250619378866,Rachel Jones,basic,individual,MTN,Abidjan,2024-02-14 17:42:10.552478
+2250797962914,Karen Morales DDS,basic,merchant,Orange,Yamoussoukro,2025-12-23 18:12:28.608951
+2250184877561,Melissa Stephens,standard,individual,Moov Africa,Man,2024-11-22 17:14:24.039620
+2250628219608,Heather Woodard,basic,individual,MTN,Bouaké,2025-01-09 04:47:02.416005
+2250556711775,Margaret Miller,basic,individual,MTN,Bouaké,2025-08-15 19:55:21.981978
+2250353798214,Mary Kelly,premium,individual,Moov Africa,San-Pédro,2024-06-13 07:52:59.253984
+2250635410577,Amanda Terrell,premium,individual,MTN,Abidjan,2024-03-13 13:27:00.501213
+2250210415074,Jennifer Goodwin,standard,individual,Moov Africa,Abidjan,2026-04-20 07:23:09.090086
+2250370699064,Jessica Smith,standard,individual,Moov Africa,Abidjan,2025-02-05 12:32:52.877880
+2250688672514,Jorge Stone,basic,individual,MTN,Yamoussoukro,2024-03-01 09:05:30.620972
+2250564546625,Laura Griffin,basic,individual,MTN,Abidjan,2025-02-09 04:02:59.977096
+2250596945419,Raymond Chapman,standard,individual,MTN,Abidjan,2025-09-26 21:38:11.346064
+2250355109542,Haley Johnson,standard,individual,Moov Africa,Yamoussoukro,2025-10-21 04:56:41.929523
+2250674929449,Jason Nixon,standard,individual,MTN,Korhogo,2024-08-09 02:18:49.236267
+2250523628019,Todd Thomas,basic,individual,MTN,Bouaké,2025-06-16 01:33:49.198960
+2250926135062,Jesse Clark,basic,merchant,Orange,Bouaké,2026-02-28 21:04:10.461146
+2250947485798,Mr. Jeffrey Horton,standard,individual,Orange,Daloa,2025-04-08 05:52:40.491113
+2250579246366,Eric Patrick,premium,individual,MTN,Daloa,2025-10-10 10:48:27.618753
+2250933520622,Samuel Wong,standard,individual,Orange,Abidjan,2026-05-03 16:33:33.022285
+2250640519950,Carly Riggs,standard,individual,MTN,Yamoussoukro,2024-07-12 17:35:35.852157
+2250653227997,Christopher Moore,standard,individual,MTN,San-Pédro,2026-04-22 13:46:52.840768
+2250867313717,Tina Hall,standard,individual,Orange,Man,2025-03-23 08:24:25.024066
+2250712738318,Cody Davidson,standard,individual,Orange,Yamoussoukro,2025-12-03 01:17:10.274162
+2250824822306,Allen Mendez,standard,merchant,Orange,Man,2024-05-01 07:59:01.073625
+2250249506054,Kevin Price,basic,individual,Moov Africa,San-Pédro,2024-08-10 00:27:11.423057
+2250815447473,Christine Goodwin,basic,individual,Orange,San-Pédro,2025-02-28 17:48:19.012794
+2250240627890,Amy Garcia,basic,individual,Moov Africa,Bouaké,2024-11-26 20:06:26.518307
+2250785616271,Chelsea Nguyen,premium,individual,Orange,Abidjan,2026-05-28 12:03:42.275360
+2250925309558,Dennis Huffman,basic,individual,Orange,Yamoussoukro,2024-02-04 22:23:05.935760
+2250269484123,Margaret Harper,basic,individual,Moov Africa,San-Pédro,2024-10-22 10:00:09.689621
+2250937151931,Laurie Bailey,premium,individual,Orange,Daloa,2026-05-24 20:34:03.406430
+2250264153307,Lisa Cervantes,standard,individual,Moov Africa,Abidjan,2025-11-21 21:47:08.299419
+2250777917037,Elizabeth Mendez,standard,individual,Orange,San-Pédro,2025-12-16 21:06:12.205345
+2250574420540,Cesar Wilson,premium,individual,MTN,Yamoussoukro,2024-02-27 11:38:59.428283
+2250854976834,Clayton Steele,standard,individual,Orange,Bouaké,2026-05-11 00:55:46.123972
+2250774164776,Jennifer Taylor,standard,individual,Orange,Daloa,2025-05-15 14:21:53.572274
+2250924418328,Cody Reid,standard,individual,Orange,Abidjan,2024-08-10 03:58:44.272446
+2250978073767,Maria Cooke,basic,individual,Orange,Abidjan,2025-01-30 19:08:09.718566
+2250796704477,Katherine Taylor,premium,individual,Orange,Man,2024-11-11 23:59:09.340881
+2250844845557,Jerry Brown,basic,individual,Orange,Daloa,2025-06-27 15:10:10.588194
+2250566980276,Adam Taylor,standard,individual,MTN,Abidjan,2025-05-26 16:22:20.074996
+2250843269249,Tracey Wagner,basic,individual,Orange,Bouaké,2026-01-28 04:08:22.192127
+2250272179316,Michael Perry PhD,basic,individual,Moov Africa,Abidjan,2026-06-26 15:09:37.741446
+2250740762969,Bradley Johnson DDS,premium,individual,Orange,Abidjan,2025-07-02 17:30:15.917163
+2250158456731,Donald Medina,standard,individual,Moov Africa,Bouaké,2026-04-05 22:02:24.465458
+2250701492621,Jim Newton,standard,individual,Orange,Gagnoa,2024-06-27 17:43:33.609644
+2250119596027,Krista Wilson,basic,individual,Moov Africa,Korhogo,2025-08-30 07:21:06.915721
+2250805801975,Reginald Morrow,basic,individual,Orange,Bouaké,2025-02-01 18:21:37.738350
+2250636597239,Rodney Williams,standard,individual,MTN,Korhogo,2026-04-22 08:39:52.425791
+2250661867706,Kimberly Fritz,basic,individual,MTN,Abidjan,2025-09-26 21:13:51.900576
+2250647698801,Ronald Potter,basic,individual,MTN,Korhogo,2025-08-04 19:43:37.633254
+2250796586360,Zachary Cole,basic,individual,Orange,Abidjan,2026-03-24 23:47:19.539164
+2250544790583,Robert Gonzales,basic,individual,MTN,Bouaké,2025-10-30 14:17:42.897322
+2250739184180,Patricia Young PhD,basic,individual,Orange,Abidjan,2025-08-04 14:52:13.600990
+2250293092523,Heather Page,standard,individual,Moov Africa,Abidjan,2025-10-13 01:51:31.300446
+2250894568150,Carol Taylor,standard,individual,Orange,Yamoussoukro,2024-11-07 12:20:08.128379
+2250966368053,Daniel Brown,premium,individual,Orange,Bouaké,2025-08-31 11:26:00.047251
+2250541997970,Douglas Ryan,basic,individual,MTN,Abidjan,2024-10-21 08:42:25.486376
+2250537825371,Michael Roberts,basic,individual,MTN,Korhogo,2024-11-22 14:25:56.040849
+2250397856525,Scott Duke,premium,individual,Moov Africa,San-Pédro,2024-02-10 23:54:54.873152
+2250629661035,Anna Estes,basic,individual,MTN,Bouaké,2024-11-16 22:22:31.404910
+2250830732166,Tamara Riddle,basic,individual,Orange,Korhogo,2025-01-21 22:06:54.346956
+2250665265053,Beth Cline,basic,agent,MTN,Man,2025-10-19 23:47:53.912868
+2250782301643,Michael Poole,basic,individual,Orange,San-Pédro,2024-10-25 06:19:32.078268
+2250148910557,Megan Burns,standard,individual,Moov Africa,Bouaké,2024-02-11 18:53:00.528978
+2250606263276,Debra Perry,basic,individual,MTN,Abidjan,2024-05-20 06:57:52.253180
+2250619838579,Mark Beard,basic,individual,MTN,Abidjan,2025-03-07 09:50:55.798694
+2250831905376,Jose Ramirez,premium,individual,Orange,Abidjan,2026-04-14 07:16:03.492275
+2250751103186,Jackie Clements,basic,individual,Orange,Gagnoa,2024-10-24 13:42:19.521085
+2250675665732,Aaron Schroeder,standard,agent,MTN,Bouaké,2025-07-12 16:27:44.321655
+2250830534289,Monica Ellis,basic,individual,Orange,Bouaké,2025-08-14 05:32:45.175435
+2250383087884,Heather Brown,standard,individual,Moov Africa,Bouaké,2026-03-31 14:51:29.790742
+2250715963781,Claudia Jordan,standard,individual,Orange,Abidjan,2024-11-23 00:11:38.957683
+2250578911926,Derrick Clayton,standard,individual,MTN,Bouaké,2025-11-18 19:56:26.949969
+2250619495832,Kenneth Knight,premium,individual,MTN,Abidjan,2024-11-28 09:03:28.585074
+2250834482138,Mr. Michael Williams,standard,individual,Orange,Abidjan,2024-08-25 08:10:17.912450
+2250550064558,Richard Stevens,basic,individual,MTN,Man,2025-02-07 06:32:42.200510
+2250987080538,Scott Alexander,basic,individual,Orange,Man,2024-01-27 12:46:08.832626
+2250171860699,Tyler Harris,standard,individual,Moov Africa,Abidjan,2025-06-30 01:16:10.732287
+2250230569562,Bonnie Santos,basic,individual,Moov Africa,Abidjan,2026-02-27 23:22:58.856112
+2250676383191,Timothy Hill,standard,individual,MTN,Bouaké,2025-12-09 21:07:56.391011
+2250541652726,Danielle Watson,basic,individual,MTN,Man,2026-01-06 06:07:05.263008
+2250980635333,Carol Sanders,basic,individual,Orange,Abidjan,2025-07-19 05:46:49.470385
+2250784162675,Michael Young,basic,individual,Orange,San-Pédro,2025-03-20 05:16:12.749356
+2250116519889,Michele Smith,basic,individual,Moov Africa,Korhogo,2026-05-12 02:42:51.428965
+2250514595508,Casey Perez,premium,individual,MTN,Abidjan,2025-05-16 18:27:22.708561
+2250180954175,Alexandra Dominguez,basic,individual,Moov Africa,Abidjan,2025-05-06 03:47:01.331297
+2250743825520,Virginia Henderson,basic,individual,Orange,Man,2024-12-02 17:22:14.440144
+2250343155676,Benjamin Reyes,standard,individual,Moov Africa,Yamoussoukro,2025-05-20 02:24:36.656530
+2250613571682,Ashley Edwards,basic,individual,MTN,Abidjan,2025-03-01 21:57:47.195720
+2250341890244,Breanna Ayala,premium,merchant,Moov Africa,Daloa,2026-01-13 05:50:36.520035
+2250891164764,Brandi Haney,standard,individual,Orange,San-Pédro,2025-03-02 16:06:56.480421
+2250528837939,Joseph Smith,standard,individual,MTN,Abidjan,2026-02-03 09:47:56.868763
+2250556230678,Jessica Bowen,basic,individual,MTN,San-Pédro,2024-06-25 04:48:05.251420
+2250986173277,Brittany Jenkins,premium,individual,Orange,Abidjan,2025-12-20 18:23:14.902646
+2250692945836,Shannon Miller,basic,individual,MTN,Gagnoa,2025-04-08 20:44:27.234979
+2250863294038,Paul Lawrence,premium,merchant,Orange,San-Pédro,2024-09-11 20:36:56.448196
+2250970560557,Victor Edwards,basic,individual,Orange,San-Pédro,2025-02-04 05:07:58.343466
+2250560533882,Donald Miller,standard,individual,MTN,Abidjan,2026-01-23 02:24:30.399871
+2250878371510,Lindsay Lawson,basic,merchant,Orange,Abidjan,2024-11-22 08:25:02.065099
+2250587863914,Melissa Abbott,basic,individual,MTN,San-Pédro,2024-01-25 00:07:27.069052
+2250393925679,Elizabeth Holmes,premium,merchant,Moov Africa,Gagnoa,2026-05-05 01:35:39.480140
+2250636443495,Nicole Phillips,basic,individual,MTN,Abidjan,2025-01-25 00:37:44.454854
+2250152404157,Steven Blevins,basic,individual,Moov Africa,San-Pédro,2026-01-03 23:05:50.433256
+2250520384672,Brian Porter MD,basic,individual,MTN,Abidjan,2025-07-21 08:47:55.807784
+2250131584643,Vanessa Hatfield,premium,individual,Moov Africa,Yamoussoukro,2026-01-15 23:06:20.227232
+2250956284975,Bonnie Valencia,basic,individual,Orange,Abidjan,2025-07-19 09:01:26.836520
+2250998659846,Holly Vega,standard,individual,Orange,Yamoussoukro,2026-05-20 00:26:55.272811
+2250511203672,Tiffany Townsend,standard,individual,MTN,Gagnoa,2026-03-03 22:13:17.178711
+2250871060606,Austin Baker,basic,individual,Orange,Yamoussoukro,2025-07-04 01:59:41.843283
+2250534304982,Antonio Mccormick,basic,individual,MTN,Bouaké,2026-05-26 15:25:58.612993
+2250108048088,Lori Mason,standard,individual,Moov Africa,Man,2025-06-28 15:06:16.739532
+2250641473594,Michael Miller,basic,merchant,MTN,Bouaké,2025-03-01 12:39:50.976219
+2250759611595,Lisa Ramirez,standard,individual,Orange,Yamoussoukro,2025-09-06 23:34:40.939832
+2250287092951,Jorge Harris,basic,individual,Moov Africa,Abidjan,2025-06-26 10:10:30.361636
+2250680766487,Kimberly Myers,basic,individual,MTN,Abidjan,2024-04-25 07:25:56.472842
+2250817654614,Sandra Becker,basic,merchant,Orange,Yamoussoukro,2024-04-29 08:04:17.314373
+2250556853909,Michael Blair,basic,individual,MTN,Bouaké,2025-05-12 18:54:24.728769
+2250905980188,Amy Miller,basic,individual,Orange,Abidjan,2025-06-06 08:13:40.223266
+2250942863583,Jesse Lynch,basic,individual,Orange,Abidjan,2026-01-06 08:04:15.862661
+2250914548118,Patrick Yang,premium,individual,Orange,Gagnoa,2024-12-31 03:13:23.991714
+2250900251906,Michael Miles,standard,individual,Orange,Abidjan,2024-10-16 05:08:47.996122
+2250673368287,Troy Mills,basic,individual,MTN,Gagnoa,2024-05-09 17:28:57.298166
+2250541450563,Michelle Jackson,standard,individual,MTN,Bouaké,2025-03-16 10:53:48.846307
+2250199771180,Richard Adams,standard,individual,Moov Africa,San-Pédro,2024-03-16 03:26:49.797103
+2250153126055,Patricia Johnson,standard,merchant,Moov Africa,Bouaké,2025-01-27 07:21:56.337405
+2250731740281,Denise Brown,basic,individual,Orange,Abidjan,2026-02-03 18:21:37.214204
+2250155306113,Laura Jones,standard,individual,Moov Africa,Abidjan,2026-01-17 11:50:08.418534
+2250858990658,Ian Porter,premium,individual,Orange,Daloa,2025-12-01 14:30:06.796484
+2250361402454,Holly Scott,basic,individual,Moov Africa,Abidjan,2024-06-23 21:29:22.594395
+2250977953614,Kenneth Sharp,basic,individual,Orange,Abidjan,2024-08-16 14:53:53.980801
+2250529245670,Jordan Williams,basic,agent,MTN,Daloa,2026-01-01 22:03:15.513223
+2250659508257,Dana Ruiz,basic,individual,MTN,Abidjan,2026-02-22 02:22:17.048381
+2250608692270,Chris Velazquez,standard,individual,MTN,Abidjan,2024-02-25 04:03:44.335841
+2250914340371,Kristen Sloan,basic,individual,Orange,Man,2025-11-16 22:38:18.274633
+2250644286307,Jennifer Morris,premium,individual,MTN,Korhogo,2026-04-07 02:18:42.469824
+2250307231492,Nathan Nelson,premium,individual,Moov Africa,Abidjan,2026-03-31 07:35:10.608796
+2250162714359,Jake Shaw,basic,individual,Moov Africa,Abidjan,2024-02-16 02:35:42.469553
+2250397192288,Cassie Brock,basic,individual,Moov Africa,Man,2024-10-16 16:46:03.926127
+2250508236616,Dr. Andrea Marshall,standard,individual,MTN,Abidjan,2024-01-22 05:44:14.438618
+2250555644199,Ryan Murphy,standard,individual,MTN,Korhogo,2025-01-04 16:23:37.778899
+2250267550043,Aimee Gonzalez,standard,individual,Moov Africa,Abidjan,2026-03-10 13:22:13.654458
+2250635153474,Elizabeth Dean,basic,individual,MTN,Man,2025-07-23 00:58:50.669176
+2250688516619,Kevin Snyder,basic,individual,MTN,Man,2026-05-09 05:33:37.914719
+2250573609085,Christie Mccullough,basic,individual,MTN,Abidjan,2025-09-09 18:35:46.765637
+2250225658293,Danielle Smith,standard,individual,Moov Africa,Abidjan,2025-03-22 05:42:23.743609
+2250686015083,David Reed,premium,individual,MTN,Abidjan,2026-04-23 18:47:29.327066
+2250603673361,Sherry Tapia,basic,individual,MTN,Gagnoa,2024-02-09 21:25:24.752998
+2250756835962,Matthew Sweeney,basic,individual,Orange,Abidjan,2026-04-07 09:17:32.950198
+2250309470544,Ashley Moreno,basic,individual,Moov Africa,Abidjan,2024-12-02 22:49:50.639240
+2250642402948,Johnathan Brown,standard,individual,MTN,Abidjan,2024-09-17 11:06:02.003383
+2250698896762,Michelle Davis DVM,premium,merchant,MTN,Abidjan,2025-05-28 13:39:09.192777
+2250617190706,Kelly Haynes,basic,agent,MTN,San-Pédro,2024-02-29 22:24:21.500754
+2250697703170,William Miller,basic,individual,MTN,Bouaké,2024-12-31 03:56:30.290720
+2250972112038,Casey Wilkins,basic,individual,Orange,Yamoussoukro,2025-01-17 09:19:30.880242
+2250659205948,Keith Graham,standard,merchant,MTN,Korhogo,2025-09-19 05:38:45.458767
+2250515353053,Cynthia Green,basic,individual,MTN,Korhogo,2026-05-27 22:04:54.603237
+2250391667709,Robert Haynes,standard,individual,Moov Africa,Gagnoa,2026-03-06 14:30:49.360916
+2250681340951,Emily Nelson,premium,individual,MTN,Abidjan,2026-04-07 06:13:22.374740
+2250561216694,Dale Chan,basic,individual,MTN,Man,2025-11-29 08:45:52.882520
+2250528074905,Brittney Martin,premium,individual,MTN,Bouaké,2025-11-03 04:03:35.537511
+2250102917265,Jason Herrera,standard,merchant,Moov Africa,San-Pédro,2025-01-25 10:56:57.011836
+2250378055922,Christine Parker,standard,individual,Moov Africa,Gagnoa,2026-03-19 03:26:07.379999
+2250507119475,Bryan Moore,basic,individual,MTN,Gagnoa,2025-12-17 03:35:28.874637
+2250995111578,Samantha Terry,premium,individual,Orange,Abidjan,2026-02-22 14:46:05.376717
+2250604486711,Russell Murphy,basic,merchant,MTN,Abidjan,2024-06-15 05:15:40.887017
+2250812725921,David Kelly,standard,agent,Orange,Yamoussoukro,2025-12-12 02:22:03.335716
+2250332195693,Megan Green,standard,individual,Moov Africa,Abidjan,2026-01-03 05:48:15.272894
+2250686531434,Amanda Sullivan MD,standard,individual,MTN,Abidjan,2024-04-20 03:41:08.952536
+2250622377504,Danielle Murray,basic,individual,MTN,Bouaké,2024-03-04 02:13:05.521078
+2250747610296,Brenda Smith,standard,individual,Orange,Yamoussoukro,2025-07-01 00:26:27.537107
+2250511785125,Vickie Anderson,standard,individual,MTN,Abidjan,2025-12-20 11:49:40.188021
+2250127509360,Jacqueline Mccoy,basic,individual,Moov Africa,Daloa,2025-11-05 03:02:43.450822
+2250229336983,Lauren Green,basic,individual,Moov Africa,Abidjan,2025-08-20 00:21:32.518807
+2250760862495,Alison Brown,standard,individual,Orange,Abidjan,2024-06-24 16:28:54.464086
+2250265506369,Jill Anderson,standard,individual,Moov Africa,Daloa,2025-01-11 05:56:12.975686
+2250814370434,Sandra Rivera,premium,individual,Orange,Abidjan,2024-09-24 00:09:35.788984
+2250938508332,Joel Jackson,basic,individual,Orange,Abidjan,2025-09-06 19:16:26.695279
+2250528457186,Samantha Foster,standard,merchant,MTN,San-Pédro,2024-09-09 15:43:18.318751
+2250593191678,Michael Thompson,premium,agent,MTN,Yamoussoukro,2025-10-06 11:35:17.020123
+2250878343585,Cody Ramirez,standard,individual,Orange,Abidjan,2026-01-21 23:42:31.678124
+2250594314914,Amanda Harvey,basic,individual,MTN,Abidjan,2025-10-03 03:24:24.779012
+2250707799751,Edward Jenkins,standard,merchant,Orange,Abidjan,2024-03-13 15:48:59.133085
+2250823783904,Amy Ramirez,standard,individual,Orange,Man,2024-09-24 19:49:29.177142
+2250973343071,Curtis Wilkerson,basic,merchant,Orange,Daloa,2024-03-14 18:04:30.856723
+2250691450909,Lydia Pham,standard,agent,MTN,San-Pédro,2025-11-16 11:04:22.162011
+2250603221775,Virginia Casey,standard,individual,MTN,Abidjan,2025-10-11 03:40:35.180179
+2250865621929,Joshua Washington,premium,individual,Orange,Abidjan,2025-01-29 14:44:58.432617
+2250266063828,Kathryn Price,basic,individual,Moov Africa,San-Pédro,2024-09-06 11:58:38.504520
+2250991695359,Francis Robinson,standard,merchant,Orange,Abidjan,2024-12-19 14:58:22.318693
+2250859421042,Paula Brown,basic,individual,Orange,Bouaké,2025-12-01 15:13:51.752548
+2250756949060,Kendra Wang DVM,standard,individual,Orange,Yamoussoukro,2025-06-04 18:47:30.060467
+2250833759849,Ariel Sandoval,standard,individual,Orange,Abidjan,2025-08-04 03:11:42.707365
+2250142599002,Robert Stark,basic,individual,Moov Africa,Abidjan,2025-07-28 22:22:21.674052
+2250807664536,Zachary Robinson,basic,individual,Orange,Yamoussoukro,2024-03-04 01:35:42.123598
+2250747442175,Rebecca Kelly,basic,individual,Orange,Bouaké,2026-01-23 13:56:26.938542
+2250915422412,Sarah Thompson,premium,individual,Orange,Gagnoa,2024-08-21 03:08:06.857452
+2250735210858,Renee Wolfe,basic,individual,Orange,Yamoussoukro,2024-04-09 16:45:15.300950
+2250500917316,Alyssa Haynes,basic,individual,MTN,Abidjan,2025-09-20 17:59:49.127852
+2250705440277,Kristy Hart,basic,individual,Orange,Abidjan,2024-03-15 23:48:56.366862
+2250784581630,William Keith,premium,individual,Orange,Abidjan,2024-02-10 02:58:58.832991
+2250376174790,Eric Henry Jr.,basic,individual,Moov Africa,Abidjan,2024-05-29 13:31:23.299510
+2250621154240,Daniel Fox,basic,individual,MTN,Abidjan,2025-07-05 17:37:38.629410
+2250581580867,Thomas Harris,basic,merchant,MTN,Korhogo,2025-12-24 15:57:25.729876
+2250641972941,Mitchell Sellers,standard,individual,MTN,Abidjan,2026-04-04 04:29:39.937144
+2250637316927,Erica Johnson,basic,individual,MTN,Abidjan,2025-01-04 05:36:10.050407
+2250800700102,Sylvia Schroeder,standard,individual,Orange,Abidjan,2026-05-31 21:19:20.647608
+2250154496550,Shannon Yu,premium,individual,Moov Africa,San-Pédro,2024-05-04 04:39:35.313717
+2250954877132,Tom Foster,basic,individual,Orange,Abidjan,2025-11-15 00:27:49.959773
+2250815342789,Eric Taylor,basic,individual,Orange,Daloa,2024-10-12 11:53:45.393998
+2250857549203,Travis Conner,standard,agent,Orange,Yamoussoukro,2025-03-03 08:45:26.671983
+2250563975057,Marie Thompson,standard,individual,MTN,Yamoussoukro,2024-03-26 04:08:19.484610
+2250576380826,Melissa Mcfarland,standard,individual,MTN,Man,2025-08-12 22:45:19.277967
+2250628972459,Courtney Chapman,basic,individual,MTN,Bouaké,2025-01-10 09:02:24.264895
+2250533953002,Eric Barker,standard,individual,MTN,Korhogo,2024-02-05 20:29:07.610695
+2250617135935,Nicholas Rush,standard,individual,MTN,San-Pédro,2025-11-20 23:01:20.080560
+2250684277515,Jenna Gamble,basic,individual,MTN,San-Pédro,2025-05-31 14:17:31.391359
+2250748454430,Amanda Guzman,basic,individual,Orange,Yamoussoukro,2024-12-10 02:18:48.925922
+2250726474141,Tracy Walker,basic,individual,Orange,Abidjan,2025-08-04 02:06:09.878889
+2250857601808,Taylor Taylor,basic,individual,Orange,Abidjan,2026-05-09 01:10:51.636245
+2250755937651,Cynthia Haas,basic,individual,Orange,Bouaké,2025-04-02 14:13:35.402232
+2250688774050,Stephen Davis,basic,individual,MTN,Abidjan,2026-02-09 13:29:35.318382
+2250508439711,Margaret Tanner,basic,individual,MTN,Gagnoa,2025-05-02 15:55:10.602282
+2250658795797,Derek Wright,basic,individual,MTN,Abidjan,2025-04-21 13:01:07.190441
+2250597045386,David Rodriguez,basic,individual,MTN,Abidjan,2024-01-21 20:11:09.464014
+2250177942921,James Oconnor,basic,individual,Moov Africa,Abidjan,2024-06-14 16:27:13.312896
+2250722796244,Stacey Snyder,basic,individual,Orange,Abidjan,2024-02-02 07:33:27.078092
+2250603755785,Joshua Garcia,standard,individual,MTN,Abidjan,2024-05-17 11:37:31.725372
+2250702458864,Sean Curtis,basic,individual,Orange,Bouaké,2026-04-09 03:05:41.096320
+2250350867226,Carla Jones,standard,individual,Moov Africa,Abidjan,2024-03-17 18:32:26.247173
+2250813294063,Elizabeth Flores,premium,individual,Orange,Gagnoa,2024-12-15 07:02:56.707519
+2250977222264,Angela Jackson,standard,individual,Orange,Abidjan,2025-03-24 11:01:35.765903
+2250858593922,Nicholas Payne,standard,individual,Orange,Abidjan,2024-04-07 19:06:55.191335
+2250728740811,Anna Wheeler,basic,individual,Orange,Abidjan,2024-04-09 00:22:35.927560
+2250805487487,Karen Johnson,basic,individual,Orange,Abidjan,2026-03-31 11:35:27.519903
+2250290855765,Carmen Preston,basic,individual,Moov Africa,Man,2024-06-11 13:46:03.486727
+2250331452378,Brian Harris,premium,individual,Moov Africa,Korhogo,2024-07-17 03:05:34.091662
+2250585781807,Michael Bowen,basic,merchant,MTN,Gagnoa,2026-03-11 11:04:59.925007
+2250746288363,Deborah Campbell,standard,individual,Orange,Bouaké,2026-02-26 07:47:16.941523
+2250558858431,Anthony Armstrong,basic,individual,MTN,San-Pédro,2024-05-09 22:07:50.024303
+2250570649144,Brittany Ward,basic,individual,MTN,Gagnoa,2026-04-02 19:52:25.390363
+2250945149514,Edward Stanley,standard,individual,Orange,San-Pédro,2025-07-10 16:43:42.546260
+2250844503006,Christina Johnson,standard,individual,Orange,Abidjan,2024-07-18 04:32:34.304279
+2250909897274,Edgar Miller,standard,individual,Orange,San-Pédro,2024-11-28 13:27:40.073941
+2250658922517,Elizabeth Sanders,basic,merchant,MTN,Bouaké,2024-11-17 11:17:13.219749
+2250835215173,Matthew Davis MD,standard,individual,Orange,Abidjan,2026-04-29 10:20:42.225118
+2250795512169,Stephen Wood,basic,individual,Orange,Abidjan,2024-04-20 12:23:13.496365
+2250736931057,Dennis Marshall,basic,individual,Orange,Bouaké,2025-06-05 22:32:40.335567
+2250637353327,Derrick Brown,basic,individual,MTN,Bouaké,2024-03-31 22:04:16.323003
+2250345212586,Mary Miller,basic,individual,Moov Africa,Abidjan,2026-01-11 03:25:26.913197
+2250968527682,Joshua Arellano,basic,individual,Orange,Abidjan,2024-03-17 19:53:53.357207
+2250537970860,Kristen Randall,basic,individual,MTN,Yamoussoukro,2024-10-27 08:01:08.489609
+2250509903491,Jennifer Nichols,basic,individual,MTN,Abidjan,2026-03-16 07:42:21.320119
+2250696577583,Karen Keith,premium,individual,MTN,Abidjan,2024-08-09 03:43:39.061442
+2250769863013,Blake Orr,basic,individual,Orange,Abidjan,2025-04-10 20:51:02.625271
+2250769030347,Kathryn Lester,standard,individual,Orange,Daloa,2025-03-19 22:49:36.291498
+2250733989511,Megan Oliver,standard,individual,Orange,Gagnoa,2025-11-01 17:13:15.880176
+2250798117963,Peter Thompson,standard,individual,Orange,Abidjan,2025-01-09 11:09:06.159883
+2250941525838,Dr. Rhonda Martinez,basic,individual,Orange,Daloa,2025-06-06 01:08:27.091870
+2250168927888,William Graham,basic,individual,Moov Africa,Bouaké,2025-06-22 15:23:51.329229
+2250534500419,Lori Flowers MD,basic,individual,MTN,San-Pédro,2025-01-04 12:08:30.231711
+2250755724772,Suzanne Jones,basic,individual,Orange,Abidjan,2025-09-29 14:53:43.007756
+2250940470571,James Nguyen,standard,individual,Orange,Daloa,2025-01-17 07:01:15.480125
+2250983043422,Jimmy Marks,standard,individual,Orange,Daloa,2025-03-20 13:21:53.482960
+2250746369199,Lisa Mills,premium,individual,Orange,Bouaké,2025-04-26 18:38:35.506304
+2250678950139,Jason Hernandez,basic,individual,MTN,Yamoussoukro,2025-02-22 08:27:31.745832
+2250849686177,Olivia Ayers,standard,agent,Orange,San-Pédro,2026-04-24 04:10:53.117167
+2250175892839,Kristine Garcia,standard,individual,Moov Africa,Abidjan,2024-05-07 15:15:59.300151
+2250577574658,Joseph Cooper,basic,agent,MTN,Korhogo,2025-09-27 18:36:46.393426
+2250503188727,James Washington,basic,individual,MTN,Bouaké,2025-12-11 05:38:45.009804
+2250359396701,Amanda Hill,premium,individual,Moov Africa,Daloa,2026-03-02 20:25:14.093190
+2250584755577,Lee Steele,basic,individual,MTN,San-Pédro,2025-10-02 00:15:57.036430
+2250124469845,Steve Rivera,standard,individual,Moov Africa,Gagnoa,2024-04-11 09:15:31.392345
+2250512842092,Patrick Mccall,basic,individual,MTN,Yamoussoukro,2025-10-10 18:07:24.233255
+2250737008777,Alicia Roth,basic,individual,Orange,Yamoussoukro,2024-09-18 22:56:07.505887
+2250285821964,Douglas Vasquez,standard,individual,Moov Africa,Yamoussoukro,2025-04-09 08:16:12.798643
+2250744547597,Annette Melton,basic,individual,Orange,Abidjan,2024-09-15 00:19:44.374067
+2250907366497,William Ramos,basic,individual,Orange,Yamoussoukro,2026-01-10 01:08:31.639812
+2250173906650,Debra Butler,standard,individual,Moov Africa,Bouaké,2024-12-15 12:29:26.877938
+2250800001374,Chelsea Lewis,basic,individual,Orange,Bouaké,2025-10-01 23:37:11.970768
+2250661000059,Natalie Malone,basic,individual,MTN,Gagnoa,2025-03-29 08:28:19.384625
+2250718382370,Samantha Robertson,standard,individual,Orange,Bouaké,2025-08-19 08:27:29.164659
+2250296095661,Eric Hunter,basic,individual,Moov Africa,Korhogo,2026-05-11 10:32:47.369787
+2250634491088,Samuel Suarez,basic,individual,MTN,Abidjan,2025-02-07 04:59:08.402545
+2250645741791,Corey Whitaker,basic,individual,MTN,Yamoussoukro,2024-05-06 11:01:56.156661
+2250177244376,Danielle Bryant,premium,individual,Moov Africa,Abidjan,2024-09-09 00:33:51.191998
+2250992770866,Michele Hill,basic,individual,Orange,Man,2026-02-17 06:35:13.836014
+2250133058789,Kathy Reid,basic,individual,Moov Africa,Yamoussoukro,2024-05-01 03:59:32.916701
+2250647084867,Andre Watson,basic,individual,MTN,San-Pédro,2024-12-06 04:12:10.256870
+2250104599920,Cassandra Harrell,basic,individual,Moov Africa,Abidjan,2025-03-14 15:33:53.777065
+2250519165364,Hannah Martin,basic,individual,MTN,Daloa,2024-04-12 14:26:26.108187
+2250838470981,Nicole Barker,standard,individual,Orange,Abidjan,2024-08-05 23:26:06.382482
+2250153153562,James Martin,standard,merchant,Moov Africa,Bouaké,2025-01-26 18:35:24.472865
+2250826378368,Traci Vincent,standard,agent,Orange,Abidjan,2024-04-06 14:59:45.497222
+2250997754728,Megan Adams,standard,individual,Orange,Korhogo,2025-07-15 06:38:03.566995
+2250394235479,Alejandro Deleon,basic,individual,Moov Africa,Abidjan,2025-12-28 10:48:32.382080
+2250600999749,Alexa Buck,basic,individual,MTN,Abidjan,2024-05-16 12:01:38.040525
+2250707191035,Lindsay Smith,basic,individual,Orange,Abidjan,2024-10-26 15:38:49.495214
+2250782244326,Robert Torres,basic,individual,Orange,Abidjan,2026-02-26 11:48:45.859926
+2250798333167,Maria Coleman,standard,agent,Orange,Korhogo,2025-08-21 14:54:00.820050
+2250585665493,Gregory King,basic,individual,MTN,Bouaké,2025-02-23 11:16:08.662010
+2250991277615,Michael Holloway,standard,individual,Orange,Bouaké,2026-02-20 21:55:36.717751
+2250621653897,Brian Hunt,standard,merchant,MTN,Gagnoa,2024-05-20 01:17:05.835095
+2250126135427,Sarah Brooks,premium,individual,Moov Africa,Man,2025-08-13 01:24:14.316407
+2250121688070,Lisa Evans,basic,individual,Moov Africa,Abidjan,2024-09-15 20:41:17.010939
+2250775659230,Arthur Mcneil,basic,individual,Orange,Abidjan,2024-02-10 02:53:23.155276
+2250311731010,Shannon Green,standard,individual,Moov Africa,Abidjan,2025-10-20 11:39:25.317361
+2250877654395,Stephanie Evans,premium,individual,Orange,Gagnoa,2024-06-22 16:55:58.161595
+2250357299142,Ralph Yoder,basic,individual,Moov Africa,Abidjan,2024-10-02 07:18:43.608229
+2250639848550,Rebekah Greene,basic,individual,MTN,Abidjan,2024-03-27 07:04:32.885562
+2250614997530,Melanie Griffith,basic,agent,MTN,Abidjan,2024-05-06 10:33:56.130749
+2250759590121,Yolanda Green,basic,individual,Orange,Abidjan,2025-09-18 12:08:06.833816
+2250168555026,James Johnson,standard,merchant,Moov Africa,Yamoussoukro,2025-08-26 11:15:07.732297
+2250770727420,Laura Lee,basic,merchant,Orange,Gagnoa,2025-05-21 16:09:32.770894
+2250615699229,Courtney Nichols,basic,merchant,MTN,Yamoussoukro,2025-03-08 06:22:01.539756
+2250678256343,Susan Powers,basic,individual,MTN,Abidjan,2026-02-17 17:11:23.160016
+2250623802124,Sarah Pittman,basic,individual,MTN,San-Pédro,2025-04-14 13:26:57.942234
+2250608290385,Catherine Davis,basic,individual,MTN,Daloa,2025-11-12 01:08:21.924192
+2250316903583,David Stokes,standard,individual,Moov Africa,Man,2026-01-03 09:58:18.549446
+2250963213375,Catherine Frazier,standard,individual,Orange,San-Pédro,2026-04-21 05:33:10.703112
+2250267585987,Brandon Kelly,premium,individual,Moov Africa,Gagnoa,2025-05-02 06:03:39.460038
+2250327561737,Elizabeth French,basic,merchant,Moov Africa,Abidjan,2025-07-29 00:06:22.763303
+2250767788030,David Carter,standard,individual,Orange,Gagnoa,2026-04-23 18:36:18.356835
+2250748881987,Julie Delacruz,standard,individual,Orange,Bouaké,2025-01-21 09:56:54.443721
+2250686707698,Terry Jones,standard,individual,MTN,Daloa,2026-04-02 04:44:55.572844
+2250711434166,Kathryn Dillon,premium,individual,Orange,Abidjan,2024-03-14 09:19:27.962481
+2250378318263,Edwin Brown,basic,merchant,Moov Africa,Abidjan,2026-05-19 09:16:07.007470
+2250692447717,Brenda Gonzalez,basic,individual,MTN,Abidjan,2024-03-02 04:07:14.518507
+2250228443728,Keith Knox,basic,individual,Moov Africa,Man,2024-12-20 17:19:55.830827
+2250503172940,Eugene Baldwin,standard,individual,MTN,Abidjan,2024-07-08 16:07:04.803919
+2250585194056,Katherine Welch,basic,individual,MTN,Korhogo,2024-12-08 20:15:49.082394
+2250694099073,Mark Smith,basic,individual,MTN,Abidjan,2025-12-06 15:23:38.916393
+2250892283560,Philip Jackson,standard,individual,Orange,Abidjan,2025-09-12 08:22:47.379407
+2250772610845,Katherine Gallagher,basic,individual,Orange,Man,2025-04-04 07:18:04.769432
+2250658834856,Lucas Schultz,basic,merchant,MTN,Gagnoa,2025-04-25 17:48:18.461454
+2250149325485,Vincent Reyes,premium,individual,Moov Africa,San-Pédro,2024-07-05 17:40:09.466435
+2250562776502,Curtis Watson,standard,individual,MTN,Yamoussoukro,2025-06-13 06:36:15.338883
+2250846083486,Frank Whitaker,basic,merchant,Orange,Abidjan,2025-05-16 04:09:10.991777
+2250749952535,Michael Sims,standard,individual,Orange,Abidjan,2024-12-27 07:09:31.399632
+2250641710567,Michael Cooper,basic,individual,MTN,Korhogo,2024-08-22 21:27:20.255676
+2250923014646,James Chapman,basic,individual,Orange,Man,2025-11-07 16:14:52.577540
+2250752674942,Rodney Evans,standard,individual,Orange,Korhogo,2026-05-10 13:21:01.086640
+2250869915897,Nicholas Carlson,basic,individual,Orange,Abidjan,2024-07-04 03:54:18.468807
+2250311697690,Stephen Cowan,basic,individual,Moov Africa,Abidjan,2026-04-08 08:56:11.932422
+2250550544593,Steven Howard,basic,merchant,MTN,Abidjan,2025-01-25 14:28:00.917548
+2250658458402,Travis Hull,basic,individual,MTN,Abidjan,2025-05-14 08:15:51.277426
+2250930634437,Darryl Acosta,basic,individual,Orange,San-Pédro,2026-04-03 23:33:58.081024
+2250675222120,Nicholas Lawrence,basic,individual,MTN,Abidjan,2026-05-22 06:37:22.863607
+2250653296773,Jacob Santos,basic,individual,MTN,Abidjan,2024-04-15 07:36:07.403333
+2250865158223,Shawn Scott,standard,individual,Orange,Yamoussoukro,2025-11-20 07:25:58.225114
+2250832071811,Amber Vang,basic,individual,Orange,Abidjan,2024-01-27 20:03:19.821229
+2250746012854,Martha Smith,standard,agent,Orange,Bouaké,2025-10-25 20:17:20.172976
+2250770627235,Jennifer James,basic,individual,Orange,Abidjan,2025-07-31 14:28:58.987072
+2250736199932,Kara Hernandez,basic,individual,Orange,Abidjan,2024-07-08 11:21:54.884542
+2250137998204,Lorraine Turner,standard,merchant,Moov Africa,Abidjan,2024-02-13 02:54:05.871526
+2250585074911,Mary Nelson,premium,individual,MTN,Yamoussoukro,2025-04-15 05:32:50.051909
+2250689320108,Breanna Rivas,standard,individual,MTN,Bouaké,2024-08-25 13:48:09.661056
+2250892341024,Nathan Wilson,basic,merchant,Orange,Abidjan,2026-02-22 21:49:47.636255
+2250141008259,Brian Gonzalez,standard,individual,Moov Africa,Abidjan,2024-12-02 22:31:27.482790
+2250570420473,Dennis Mills,standard,individual,MTN,Man,2025-01-07 20:43:07.213171
+2250664333040,Michael Phillips,basic,individual,MTN,Daloa,2025-08-04 05:46:51.880751
+2250380538479,Jon Clark,standard,merchant,Moov Africa,Abidjan,2026-01-15 06:34:29.071637
+2250773499632,Erin Smith,basic,individual,Orange,Abidjan,2026-03-25 11:07:14.367319
+2250877927969,Susan Conley,standard,individual,Orange,Daloa,2024-03-08 08:58:00.590542
+2250729030081,Brittany Davis,standard,merchant,Orange,Korhogo,2024-02-07 10:03:23.284857
+2250855082382,Misty Garcia,basic,individual,Orange,Bouaké,2024-03-15 22:52:22.705819
+2250787203238,David Hinton,basic,individual,Orange,Abidjan,2024-06-24 17:53:05.539743
+2250913240621,John Garcia,standard,individual,Orange,Gagnoa,2025-09-30 05:38:05.662516
+2250674565992,Andrew Roberts,premium,individual,MTN,Abidjan,2024-08-04 14:17:07.293026
+2250847449366,Emily Rodgers,basic,individual,Orange,Abidjan,2024-10-12 09:14:51.684964
+2250862154262,Peter Williams,standard,merchant,Orange,Bouaké,2024-12-09 10:13:45.533654
+2250887356392,Mary Jackson,basic,individual,Orange,Bouaké,2025-02-03 22:35:17.055611
+2250679293616,Jeffrey Howell,standard,individual,MTN,Daloa,2026-02-15 06:12:53.678088
+2250580280222,Anna Briggs,standard,individual,MTN,Abidjan,2025-06-06 05:02:16.018577
+2250247209264,James Rivers,standard,individual,Moov Africa,Abidjan,2024-04-30 12:19:18.298883
+2250845255176,James Jefferson,basic,individual,Orange,San-Pédro,2025-12-17 20:19:33.418369
+2250571136468,Mariah Robles,premium,individual,MTN,Abidjan,2026-03-29 16:27:22.260495
+2250748781934,Michael Brown,standard,individual,Orange,Man,2024-10-05 04:34:00.127799
+2250830150892,Caitlin Perry,basic,individual,Orange,Bouaké,2025-11-14 23:47:52.334754
+2250886793160,Rebekah Gregory,standard,individual,Orange,Abidjan,2026-01-24 07:12:11.081249
+2250624796554,James Howard,premium,individual,MTN,Abidjan,2024-05-24 06:43:18.481984
+2250177730881,Michael Roberson,basic,agent,Moov Africa,Abidjan,2024-12-12 08:43:19.638188
+2250512115444,Bianca Knapp,standard,individual,MTN,Bouaké,2026-01-01 00:37:42.126000
+2250934361455,Jason Williams,standard,individual,Orange,Abidjan,2024-02-24 16:34:54.562294
+2250746187027,Ernest Bush,standard,individual,Orange,Abidjan,2024-03-02 18:56:08.021686
+2250605695826,Patricia Ray,basic,individual,MTN,Daloa,2026-01-21 03:51:38.969531
+2250165626160,Vanessa Santiago,basic,individual,Moov Africa,Abidjan,2026-01-23 05:25:17.705189
+2250742427841,Joseph Haynes,basic,individual,Orange,Bouaké,2024-09-07 21:54:20.123450
+2250727561040,Matthew Wright,standard,individual,Orange,Bouaké,2026-04-28 08:03:25.768496
+2250227065381,Michael Cruz,basic,merchant,Moov Africa,Bouaké,2026-01-19 22:08:21.537135
+2250543981588,Kristin Huerta,basic,individual,MTN,Abidjan,2026-04-22 04:54:47.070401
+2250578154836,Mason Moore,standard,merchant,MTN,Korhogo,2024-05-16 08:44:13.700304
+2250830199699,Sarah Booth,basic,individual,Orange,Daloa,2024-10-02 02:46:11.353339
+2250699728156,John Allen,basic,individual,MTN,Yamoussoukro,2025-08-07 09:21:04.563638
+2250975117563,Amber Walker,standard,individual,Orange,Abidjan,2024-11-28 10:21:45.615402
+2250543698120,Jennifer Young,basic,merchant,MTN,Bouaké,2025-12-08 23:24:45.747883
+2250678685922,Robert West,basic,individual,MTN,Abidjan,2026-04-17 04:23:04.708237
+2250666870817,Jillian Wilson,standard,individual,MTN,Abidjan,2026-04-01 23:02:07.506031
+2250894344417,Matthew Garcia MD,standard,individual,Orange,Abidjan,2025-09-11 06:42:55.958084
+2250867224128,April Davis,basic,individual,Orange,Abidjan,2025-02-08 20:53:56.022533
+2250673242057,Lisa Torres,basic,individual,MTN,Abidjan,2026-02-23 12:06:30.966449
+2250108320914,Christine Powers,standard,individual,Moov Africa,Yamoussoukro,2026-01-10 08:21:30.290792
+2250717448519,Heidi Brown,basic,individual,Orange,Abidjan,2024-05-23 21:28:27.437145
+2250677538817,Jesse Castro,standard,individual,MTN,Bouaké,2024-06-16 09:37:54.791610
+2250517484252,Kara Sandoval,basic,individual,MTN,Abidjan,2026-03-14 09:01:03.651819
+2250733316954,Ashley Malone,basic,individual,Orange,Abidjan,2024-09-11 21:10:01.634142
+2250784034769,Glenn Gallegos,basic,individual,Orange,Korhogo,2024-09-02 18:20:34.892976
+2250136406958,Dorothy Boyd,basic,individual,Moov Africa,Gagnoa,2024-06-18 22:20:40.582636
+2250794797688,Amber Martin,basic,individual,Orange,Abidjan,2025-11-01 03:01:35.010034
+2250570704373,Mitchell Griffith,standard,individual,MTN,Bouaké,2025-06-04 13:41:34.702227
+2250294004896,Levi Lopez,basic,individual,Moov Africa,Abidjan,2026-03-03 22:28:27.744217
+2250324198577,Jenna Bryant,standard,individual,Moov Africa,Bouaké,2025-10-21 06:23:55.411689
+2250760438724,Michelle Rodriguez,basic,individual,Orange,Gagnoa,2025-10-08 17:32:39.842395
+2250618344027,Timothy Monroe,basic,merchant,MTN,Abidjan,2025-11-07 20:48:43.411909
+2250946065349,Patricia Hayes,basic,individual,Orange,Yamoussoukro,2026-04-24 20:59:18.026688
+2250273800778,Tina Taylor,standard,individual,Moov Africa,Daloa,2024-01-17 18:54:56.805969
+2250835849620,Mr. Anthony Mcconnell PhD,basic,agent,Orange,Abidjan,2026-05-19 12:31:40.976910
+2250814266244,Mr. Thomas Thompson,basic,individual,Orange,Bouaké,2024-04-13 02:02:46.108668
+2250748891900,Monica Anderson,standard,individual,Orange,Daloa,2025-03-26 21:21:35.967741
+2250719404789,Kyle Andrade,standard,agent,Orange,San-Pédro,2024-08-02 23:40:23.374078
+2250530987038,Janice Petty,basic,individual,MTN,Abidjan,2026-05-27 17:49:15.288913
+2250657031768,Pamela Hill,standard,individual,MTN,Abidjan,2024-09-14 15:00:15.741901
+2250691665517,Tracy Chavez,basic,individual,MTN,Bouaké,2025-07-15 10:15:38.294346
+2250994207961,Jason Graves,standard,individual,Orange,Yamoussoukro,2024-09-01 02:55:10.045904
+2250615068985,Elizabeth Miles,basic,individual,MTN,Bouaké,2024-05-08 01:09:19.633023
+2250378930381,Michelle Walls,premium,individual,Moov Africa,Korhogo,2024-03-06 17:31:07.441691
+2250620667549,Christina Weber,standard,individual,MTN,Abidjan,2025-12-24 17:15:25.883680
+2250227919163,Gregory Chambers,basic,individual,Moov Africa,Yamoussoukro,2025-06-01 10:06:05.382817
+2250510299321,Miss Tina Gordon,basic,merchant,MTN,Abidjan,2025-12-31 22:49:30.920939
+2250667482232,Erica Wilson,standard,agent,MTN,Abidjan,2024-02-20 03:32:01.197454
+2250821684720,John Duncan,basic,merchant,Orange,Abidjan,2024-11-14 20:16:39.152100
+2250827318897,Jennifer Adkins,basic,individual,Orange,Man,2024-08-05 01:22:41.059924
+2250194271342,Donna Boone,basic,individual,Moov Africa,Abidjan,2025-03-28 15:47:37.523623
+2250534816940,Kelly Johnson,basic,individual,MTN,Abidjan,2025-10-21 10:17:09.694432
+2250209503545,Michael Gonzalez,basic,individual,Moov Africa,Man,2026-05-15 18:31:38.365641
+2250118117032,Candace Mitchell,basic,individual,Moov Africa,San-Pédro,2024-04-03 23:30:46.233505
+2250250355996,Ryan Vaughn,premium,individual,Moov Africa,Abidjan,2025-08-17 22:47:45.682707
+2250647539360,Paul Johnson,basic,individual,MTN,Abidjan,2025-02-05 23:21:50.821465
+2250630907294,Ashley Parrish,premium,individual,MTN,San-Pédro,2026-05-28 15:47:57.935405
+2250328815659,Sharon Newton,standard,individual,Moov Africa,Abidjan,2025-05-10 15:07:40.342008
+2250659279948,Cynthia Mueller,basic,individual,MTN,Yamoussoukro,2025-02-15 05:56:45.927038
+2250888284427,Donna Beck,premium,individual,Orange,Yamoussoukro,2026-02-24 02:52:48.868102
+2250913979519,Jasmine Frye,standard,individual,Orange,Gagnoa,2024-02-04 03:11:36.564075
+2250654220548,Emily Arnold,standard,individual,MTN,Bouaké,2025-09-27 07:06:27.850304
+2250553188658,David Oliver,basic,individual,MTN,Abidjan,2025-08-14 23:02:46.922192
+2250802782015,Sheila Greer,standard,individual,Orange,Abidjan,2025-08-14 06:11:12.685944
+2250564051183,Michele Holland,basic,individual,MTN,Korhogo,2025-07-23 19:00:00.997156
+2250311341481,Kimberly Morrison,basic,individual,Moov Africa,Korhogo,2025-07-24 13:34:01.165007
+2250523077146,Tracey Phillips,standard,individual,MTN,Man,2025-03-22 01:56:16.895036
+2250756721195,Michael Lopez,basic,individual,Orange,Man,2024-07-29 09:37:38.465179
+2250173276199,Jose Bennett,standard,individual,Moov Africa,Abidjan,2025-02-20 14:34:21.168104
+2250307605955,Justin Anderson,basic,agent,Moov Africa,Yamoussoukro,2024-02-12 20:03:14.184177
+2250738057121,Dawn Rivera,basic,individual,Orange,Daloa,2024-02-26 06:32:41.898381
+2250540441631,Brittney Hernandez,basic,individual,MTN,San-Pédro,2026-05-18 06:24:38.379763
+2250377226966,Anthony Randolph,premium,individual,Moov Africa,Abidjan,2025-08-18 11:28:03.265591
+2250104362569,Mary Henry,basic,individual,Moov Africa,Abidjan,2025-02-04 23:02:36.184373
+2250818912415,Heather Bowers,standard,individual,Orange,Abidjan,2024-11-05 01:17:20.493751
+2250163255861,Daniel White,basic,individual,Moov Africa,Korhogo,2026-03-30 00:08:33.090112
+2250111890983,Jonathan Perry,standard,individual,Moov Africa,Abidjan,2024-03-21 23:46:32.111990
+2250583588058,Anna Walker,basic,merchant,MTN,Korhogo,2024-01-20 12:45:18.471656
+2250645367932,Gary Ward,premium,individual,MTN,Abidjan,2025-02-18 11:01:22.952884
+2250888486181,Paul Moreno,basic,individual,Orange,Abidjan,2025-05-19 07:18:36.619874
+2250161015852,Samantha Zavala MD,basic,agent,Moov Africa,Man,2024-08-24 01:58:58.783029
+2250588149774,Jill Conway,basic,individual,MTN,Man,2025-11-15 06:26:42.094525
+2250547274793,Lisa Haley,basic,individual,MTN,San-Pédro,2025-04-21 20:35:22.315475
+2250358861364,Erica Moon,basic,individual,Moov Africa,Abidjan,2025-10-08 00:00:02.581054
+2250736240831,Janice Fernandez,standard,merchant,Orange,Korhogo,2025-03-06 09:55:59.956131
+2250292884096,Thomas Short,standard,individual,Moov Africa,Abidjan,2024-05-11 09:32:42.426335
+2250655079320,Robert Griffin,basic,agent,MTN,San-Pédro,2024-06-19 08:44:29.463174
+2250995010232,Steven Lee,basic,individual,Orange,Korhogo,2024-10-27 08:29:27.998693
+2250832105978,Tiffany Jackson,standard,individual,Orange,Gagnoa,2024-12-27 17:56:31.037594
+2250691671279,Kimberly Smith,basic,individual,MTN,Abidjan,2025-08-30 16:11:25.862342
+2250522854040,Michael Ayala,basic,agent,MTN,Korhogo,2024-06-13 17:56:45.175585
+2250785205645,Jessica Garcia,standard,individual,Orange,Abidjan,2024-09-21 11:13:28.606088
+2250728311794,Michele Cherry,premium,individual,Orange,Yamoussoukro,2025-07-18 13:10:35.682759
+2250359251211,Maria Case,standard,individual,Moov Africa,Bouaké,2024-10-27 16:01:30.907248
+2250864063365,Brittany Stevens,basic,merchant,Orange,Abidjan,2024-10-12 20:08:19.474832
+2250583794774,Brandon Brown,basic,merchant,MTN,Korhogo,2025-08-30 13:00:18.739911
+2250921736656,Kristin Andrews,basic,individual,Orange,Abidjan,2026-03-06 07:20:56.435515
+2250923494572,David Hughes,basic,individual,Orange,Abidjan,2025-06-22 20:43:56.244426
+2250108975863,Jessica Smith,standard,individual,Moov Africa,San-Pédro,2026-03-16 17:08:13.434228
+2250557498758,Kimberly May,standard,individual,MTN,Abidjan,2026-05-13 07:42:18.342105
+2250982456636,Nicole Richards,basic,individual,Orange,Abidjan,2025-07-29 12:44:57.415322
+2250328972870,Angel Reilly,basic,individual,Moov Africa,Abidjan,2025-02-21 21:28:46.332079
+2250712303672,Richard Turner,basic,individual,Orange,Abidjan,2024-05-30 10:28:09.248266
+2250785088257,Preston Kim,basic,individual,Orange,Abidjan,2025-05-21 08:47:55.609556
+2250770983965,Matthew Wells,basic,individual,Orange,Daloa,2024-05-15 02:14:31.384229
+2250974105663,Brandy Myers,standard,individual,Orange,Abidjan,2025-10-17 12:19:14.121463
+2250523398047,Kimberly Choi,standard,merchant,MTN,Abidjan,2026-05-06 14:18:56.645982
+2250961189192,Michael Sloan,standard,individual,Orange,San-Pédro,2024-11-13 15:37:35.477035
+2250792413373,Monica Brooks,basic,individual,Orange,Abidjan,2024-02-11 22:39:08.963247
+2250848296120,Kristen Peters,standard,individual,Orange,Abidjan,2025-03-18 01:57:03.027063
+2250943711718,Aaron Carlson,basic,agent,Orange,Man,2025-08-07 02:12:32.459898
+2250795715621,Theresa Torres,basic,individual,Orange,Abidjan,2026-04-11 04:02:51.131915
+2250623783762,Stephanie Cooper,premium,individual,MTN,Abidjan,2024-07-15 21:43:34.654663
+2250888824591,Matthew Hunt,standard,individual,Orange,Bouaké,2024-04-04 15:44:58.500771
+2250307024991,Daniel Davenport,basic,individual,Moov Africa,Abidjan,2026-02-21 22:33:56.500903
+2250995372444,Christopher Marsh,standard,individual,Orange,Bouaké,2025-12-01 21:25:16.005942
+2250248967826,Sarah Randolph,standard,merchant,Moov Africa,Man,2026-04-30 02:48:58.993236
+2250577408988,Julia Dunn MD,basic,agent,MTN,Yamoussoukro,2025-07-20 05:12:35.782809
+2250986828757,Brett Swanson,premium,agent,Orange,Yamoussoukro,2025-05-01 19:43:45.245264
+2250580315122,Mr. Carl Rios,standard,individual,MTN,Abidjan,2026-05-26 13:13:28.862318
+2250391197158,Manuel Mccullough,basic,merchant,Moov Africa,Daloa,2025-08-02 11:09:56.666717
+2250579914937,Jerry Jensen,premium,individual,MTN,Gagnoa,2026-04-12 22:31:25.689170
+2250883563640,Kevin Cunningham,premium,individual,Orange,Man,2024-06-25 14:29:11.468809
+2250286169008,Eugene Patterson,basic,individual,Moov Africa,Abidjan,2025-02-20 13:07:03.399588
+2250933494155,David Walker,premium,individual,Orange,Yamoussoukro,2026-02-26 11:28:47.730704
+2250825840090,Jessica Larsen,standard,merchant,Orange,Gagnoa,2026-04-10 18:01:02.364520
+2250137447156,Nicholas Humphrey,basic,individual,Moov Africa,Abidjan,2025-08-28 20:36:30.689546
+2250695757186,Ian Torres,standard,individual,MTN,Korhogo,2024-10-19 15:45:46.622959
+2250219093661,Casey Obrien,basic,individual,Moov Africa,Abidjan,2026-03-23 17:51:42.190910
+2250240834443,Shannon Taylor,basic,individual,Moov Africa,Abidjan,2024-02-22 23:40:27.230952
+2250376193487,Deborah Mercado,basic,individual,Moov Africa,San-Pédro,2024-11-15 20:00:34.602010
+2250656584042,Bernard Smith,standard,individual,MTN,Daloa,2026-01-13 11:05:08.073765
+2250513191396,Amanda Perkins,basic,individual,MTN,Abidjan,2025-08-25 09:36:07.301527
+2250927836774,Kevin Escobar,basic,individual,Orange,Abidjan,2025-09-23 22:06:14.721832
+2250308068242,Kimberly Lutz,basic,individual,Moov Africa,Yamoussoukro,2024-02-03 07:33:42.960989
+2250972185082,Reginald Diaz,basic,individual,Orange,Abidjan,2025-10-30 06:31:32.925239
+2250538118740,Raymond Quinn,basic,individual,MTN,Bouaké,2025-01-08 09:47:40.538136
+2250918192424,John Dixon,basic,individual,Orange,Daloa,2024-07-03 01:43:23.275632
+2250283375573,Jonathan Bates,basic,individual,Moov Africa,Abidjan,2026-01-09 00:06:05.388839
+2250850135841,Renee Mendez,standard,individual,Orange,Abidjan,2024-07-31 08:15:07.915991
+2250359110298,Jose Griffin,basic,agent,Moov Africa,Yamoussoukro,2026-03-06 04:46:14.325266
+2250892396597,Travis Hopkins,standard,individual,Orange,Abidjan,2024-06-18 08:39:45.471674
+2250512904428,Nancy Webb,standard,individual,MTN,Daloa,2026-05-11 22:35:58.824580
+2250604209776,Daniel Freeman,standard,merchant,MTN,Abidjan,2024-06-30 17:06:48.636741
+2250175094448,Jacob Williams,basic,individual,Moov Africa,Bouaké,2026-01-18 14:52:49.927365
+2250523358623,Terry Ward,basic,individual,MTN,Daloa,2025-08-25 13:53:36.749372
+2250364668026,Jesse Williams,standard,individual,Moov Africa,Korhogo,2025-10-27 04:11:21.950227
+2250265352170,Mrs. Michele Boyd,premium,individual,Moov Africa,Daloa,2024-05-01 17:28:36.048847
+2250846290651,Sandy Baker,basic,individual,Orange,Abidjan,2025-06-28 00:31:28.876680
+2250202070737,Carrie Valdez,basic,individual,Moov Africa,Abidjan,2026-01-16 19:04:27.833416
+2250926225557,Matthew Houston,standard,individual,Orange,Man,2025-01-31 14:23:53.173072
+2250552868159,Jamie Solomon,basic,individual,MTN,Abidjan,2024-02-08 07:47:02.937783
+2250889714706,Heather Parrish,basic,individual,Orange,Yamoussoukro,2024-09-13 03:09:56.291559
+2250295125162,Mr. Larry Shaw,basic,individual,Moov Africa,Yamoussoukro,2025-05-17 23:54:55.080379
+2250988419362,Christopher Jones,basic,individual,Orange,Daloa,2026-04-25 07:38:00.865160
+2250970499883,Christine Lopez,basic,individual,Orange,Daloa,2025-04-07 14:10:19.867742
+2250162801680,Mitchell Wilson,premium,individual,Moov Africa,Bouaké,2024-06-25 14:09:30.052892
+2250167161727,Robert Cortez,basic,individual,Moov Africa,Abidjan,2024-03-19 04:05:07.048845
+2250192073786,Mr. Daniel Martin,basic,individual,Moov Africa,Abidjan,2024-08-23 03:13:56.945916
+2250159312151,Alison Williams,standard,individual,Moov Africa,Abidjan,2024-07-08 18:30:37.211197
+2250993879596,Candace Soto,basic,individual,Orange,San-Pédro,2024-10-14 12:00:45.550023
+2250166897427,Kenneth Brown,basic,individual,Moov Africa,Man,2026-04-07 05:03:08.626552
+2250892725452,Christopher Mullen,standard,individual,Orange,Abidjan,2025-06-03 17:27:36.382754
+2250792832495,Kristy Smith,standard,individual,Orange,Abidjan,2024-09-08 13:21:55.064490
+2250887311135,Mary Campbell,basic,individual,Orange,Yamoussoukro,2025-06-29 17:06:20.272853
+2250515275073,Jerry Haney,premium,individual,MTN,Abidjan,2026-01-12 08:09:01.693321
+2250881626671,Carolyn Greer,standard,individual,Orange,Abidjan,2025-05-22 04:11:18.311951
+2250568737014,Rebecca Hoover,basic,merchant,MTN,San-Pédro,2026-02-08 17:42:20.980877
+2250826677301,Matthew Baker,basic,individual,Orange,Abidjan,2025-05-30 20:30:50.247754
+2250535609901,Grace Chavez,standard,individual,MTN,Korhogo,2026-01-26 08:13:42.794052
+2250624068375,Crystal Cruz,standard,individual,MTN,Gagnoa,2025-08-31 03:21:12.103083
+2250236545191,Dale Heath,standard,individual,Moov Africa,Daloa,2024-09-18 06:48:16.337245
+2250719368757,Jennifer Hernandez,basic,individual,Orange,Abidjan,2024-02-18 17:24:04.896062
+2250711120150,John Mendez,basic,individual,Orange,Abidjan,2025-02-10 10:37:14.394579
+2250114488636,Richard Gordon,basic,individual,Moov Africa,Abidjan,2026-02-26 15:18:28.971171
+2250292120969,John Anderson,premium,individual,Moov Africa,Korhogo,2026-04-10 05:11:53.523362
+2250746776968,Samantha Prince,standard,individual,Orange,Man,2025-09-25 02:14:27.839423
+2250799286369,Marie Boyd,standard,individual,Orange,Man,2024-04-12 04:34:42.424309
+2250572563930,Andrew Moreno,basic,individual,MTN,Daloa,2025-03-14 06:02:50.746970
+2250851310398,Robert Clarke,basic,individual,Orange,Bouaké,2025-09-11 17:27:23.409854
+2250581454032,Kevin Figueroa,basic,individual,MTN,Abidjan,2026-03-21 06:19:40.023424
+2250970172151,Melissa Davis,basic,individual,Orange,Abidjan,2024-04-04 21:06:20.660344
+2250367164843,John Hall,standard,individual,Moov Africa,Abidjan,2025-09-16 11:38:42.145477
+2250252810074,Diane Mcdowell,standard,individual,Moov Africa,Korhogo,2025-11-22 12:10:29.031330
+2250325232099,Colin Fletcher,standard,individual,Moov Africa,Abidjan,2024-04-12 08:11:29.382246
+2250896728036,Laura Wilson,basic,individual,Orange,Abidjan,2024-04-21 04:48:44.846033
+2250825391255,Matthew Watts,basic,individual,Orange,Abidjan,2024-06-10 07:36:24.531329
+2250536281750,Jack Moore,basic,individual,MTN,Daloa,2026-05-10 23:39:56.851222
+2250804914185,Dawn Wyatt,basic,individual,Orange,Abidjan,2026-04-04 04:48:56.955533
+2250981233160,Jacob Hill,standard,individual,Orange,Abidjan,2025-07-29 05:39:39.804991
+2250531778162,Nicole Gutierrez,standard,individual,MTN,San-Pédro,2024-03-10 15:59:02.427324
+2250523236770,Karen Wood,standard,individual,MTN,Bouaké,2025-03-13 23:28:11.959179
+2250810296746,Dawn Parker,standard,individual,Orange,Yamoussoukro,2024-10-27 13:09:30.248673
+2250963181589,Michael Fitzgerald,standard,individual,Orange,Abidjan,2024-09-20 11:09:10.749703
+2250999673903,Mary Adkins,basic,individual,Orange,Abidjan,2025-08-08 00:15:36.564392
+2250794411530,Michael Martin,premium,individual,Orange,Abidjan,2025-06-07 04:31:02.281002
+2250626555757,James Morgan,basic,individual,MTN,San-Pédro,2026-01-24 22:50:26.975801
+2250292423844,Melissa Mann,standard,individual,Moov Africa,Gagnoa,2024-12-22 07:32:22.290229
+2250693898333,Vincent Smith,basic,agent,MTN,San-Pédro,2025-10-29 08:40:18.447084
+2250687042804,Charles Frost,premium,individual,MTN,Bouaké,2025-06-25 20:53:55.838965
+2250586607094,Austin Walker,basic,individual,MTN,Korhogo,2025-03-18 01:49:06.895695
+2250265139072,Andrew Cruz,basic,individual,Moov Africa,Daloa,2024-07-16 07:13:23.815051
+2250603578354,Miss Kelly Dawson,basic,individual,MTN,Korhogo,2025-11-12 03:30:56.507383
+2250502006865,Theresa Wilkins,standard,individual,MTN,Abidjan,2024-03-10 13:35:11.243557
+2250185875219,Jessica Harris,basic,individual,Moov Africa,Abidjan,2026-01-28 17:14:42.380003
+2250881573664,Regina Mitchell,standard,individual,Orange,San-Pédro,2026-05-02 11:47:12.624287
+2250552381547,Kyle Black,basic,merchant,MTN,Abidjan,2024-04-28 04:26:45.107300
+2250786377364,Christopher Johnson,basic,individual,Orange,Abidjan,2025-08-11 18:49:39.898555
+2250538931364,Aaron Moore,standard,individual,MTN,Daloa,2026-02-10 14:16:55.356766
+2250907266931,Penny Gomez MD,standard,individual,Orange,San-Pédro,2025-06-17 09:08:35.998934
+2250601937728,Kelly Mclaughlin,basic,individual,MTN,Bouaké,2025-11-16 09:08:35.330866
+2250578612045,Brandon Mitchell,premium,individual,MTN,Bouaké,2025-01-23 10:06:21.280614
+2250831413503,Suzanne Bailey,standard,individual,Orange,Yamoussoukro,2024-02-25 20:46:27.494295
+2250678619866,Destiny Obrien,basic,individual,MTN,Abidjan,2026-05-26 03:24:58.713375
+2250935251209,Timothy Andrews,basic,individual,Orange,Gagnoa,2026-01-29 16:15:39.660815
+2250784194474,Jason Rodriguez,basic,agent,Orange,Abidjan,2026-03-17 11:45:11.112944
+2250668796737,Edward Arroyo,standard,individual,MTN,San-Pédro,2025-12-26 04:27:40.870340
+2250779261198,Tina Walter,standard,individual,Orange,Abidjan,2024-01-18 07:38:34.745401
+2250772216317,Laura Benson,basic,individual,Orange,San-Pédro,2026-01-03 07:49:42.658137
+2250263389122,Kristine Carrillo,basic,individual,Moov Africa,Gagnoa,2025-05-07 14:39:56.387588
+2250550671322,Tonya Ellis,standard,individual,MTN,Korhogo,2025-08-08 05:58:21.281970
+2250301281848,Kevin Johnson,standard,individual,Moov Africa,Yamoussoukro,2025-05-29 02:12:03.870853
+2250272340688,Austin Schultz,premium,individual,Moov Africa,Abidjan,2025-09-03 10:34:50.815897
+2250665298053,Megan Hall MD,standard,individual,MTN,Man,2024-06-14 08:36:57.919286
+2250252059354,Kelli Smith,basic,individual,Moov Africa,Daloa,2026-01-26 11:21:31.942852
+2250820029890,Danielle Davis,basic,agent,Orange,San-Pédro,2026-04-27 13:17:31.980769
+2250988162666,Samantha Jones,standard,individual,Orange,Bouaké,2026-02-14 17:43:22.530895
+2250931321816,Karen Gomez,standard,merchant,Orange,Daloa,2024-11-21 11:03:59.566639
+2250944512827,Debra Valentine,standard,agent,Orange,Abidjan,2025-02-07 16:44:51.730830
+2250346367621,Susan Porter,basic,individual,Moov Africa,Abidjan,2026-03-28 12:53:05.064109
+2250840535293,Nicolas Salas,standard,individual,Orange,Abidjan,2026-03-02 07:25:33.790905
+2250662827128,Dale Wright,basic,individual,MTN,Man,2025-06-26 06:45:59.390941
+2250289437887,Brittney Rodriguez,basic,individual,Moov Africa,Abidjan,2024-06-30 09:20:11.199157
+2250932845688,Megan Alvarado,standard,individual,Orange,Abidjan,2026-04-29 10:42:06.902195
+2250654908678,Pamela Weaver,basic,individual,MTN,Bouaké,2025-02-15 03:13:57.061472
+2250798507702,John Oliver,basic,individual,Orange,Bouaké,2026-05-01 19:14:44.858009
+2250921809612,William Prince PhD,basic,individual,Orange,Yamoussoukro,2026-03-11 18:58:51.785399
+2250617327430,William Moon IV,standard,individual,MTN,Abidjan,2026-02-26 19:56:03.412928
+2250175079752,Kenneth Brown,basic,individual,Moov Africa,Abidjan,2025-06-16 16:22:55.711720
+2250671641814,Karen Fernandez,premium,individual,MTN,Abidjan,2025-06-12 06:46:48.857168
+2250514671511,Jennifer Parks,premium,individual,MTN,Bouaké,2025-11-27 13:28:20.327749
+2250577594792,William Wolfe,standard,individual,MTN,Bouaké,2024-07-19 08:31:28.948505
+2250850817037,Michael Smith,basic,merchant,Orange,Abidjan,2026-01-21 12:35:46.828445
+2250906605677,Kevin Nguyen,standard,individual,Orange,Abidjan,2026-04-12 04:13:09.669500
+2250519163091,Debbie Dunn,basic,individual,MTN,Abidjan,2025-03-24 10:39:12.176240
+2250149232124,John Austin,basic,individual,Moov Africa,Abidjan,2024-04-29 12:49:13.874078
+2250543357843,Jonathan Clark,basic,individual,MTN,Korhogo,2025-02-28 01:47:11.780508
+2250657362530,Jacqueline Dickerson,basic,individual,MTN,San-Pédro,2024-07-31 12:34:11.815884
+2250193940996,Christopher Anderson,basic,individual,Moov Africa,Bouaké,2024-05-27 23:42:20.439766
+2250502075200,Crystal Garcia,standard,individual,MTN,Abidjan,2025-11-04 13:58:44.471341
+2250597674881,David Reynolds,basic,merchant,MTN,Yamoussoukro,2025-08-22 02:38:15.195872
+2250971894284,Charles Haley,basic,individual,Orange,Bouaké,2025-11-03 01:41:09.695389
+2250565561577,Robert Thompson,basic,merchant,MTN,Daloa,2024-10-14 22:42:46.238206
+2250211064802,Dr. Samuel Holmes DDS,standard,individual,Moov Africa,Abidjan,2024-11-24 21:24:46.717837
+2250189724818,Elizabeth Hart,standard,individual,Moov Africa,Abidjan,2025-05-10 20:59:10.739337
+2250814343825,Jennifer Vaughn,basic,individual,Orange,Bouaké,2025-08-07 02:28:46.864711
+2250512717209,Robert Woods,standard,individual,MTN,Abidjan,2024-05-16 20:08:31.328769
+2250646504569,Joanna Cook,basic,individual,MTN,Korhogo,2025-06-11 23:08:33.778476
+2250957761406,Justin Frederick,standard,individual,Orange,Abidjan,2024-12-29 15:29:19.548562
+2250706310595,Alejandro Martinez,basic,individual,Orange,Korhogo,2025-11-30 20:16:44.752172
+2250733822382,Tracey Gonzalez,basic,individual,Orange,Abidjan,2026-02-21 18:37:48.553319
+2250567061975,Mariah Thompson,basic,individual,MTN,Abidjan,2025-05-15 11:28:04.520889
+2250969535246,Heather Nunez,standard,individual,Orange,Yamoussoukro,2025-01-21 19:53:09.359308
+2250874342595,Dr. Steve James,standard,individual,Orange,Abidjan,2024-01-31 02:01:24.484650
+2250835395956,Mark Thomas,standard,individual,Orange,Abidjan,2024-05-26 08:57:26.641155
+2250137354053,Robert Rogers,basic,individual,Moov Africa,San-Pédro,2025-11-28 07:12:05.909685
+2250522061525,Laura Sweeney,standard,individual,MTN,Abidjan,2024-04-17 20:34:58.071183
+2250512598221,Christopher Perez,basic,individual,MTN,Yamoussoukro,2024-05-16 22:50:45.636204
+2250174393919,Eddie Adams,basic,individual,Moov Africa,Korhogo,2025-08-28 15:40:13.071830
+2250213099962,Denise Wallace,standard,individual,Moov Africa,Abidjan,2026-04-23 06:11:33.642906
+2250666118700,Heidi Matthews,basic,individual,MTN,Yamoussoukro,2024-12-19 18:38:47.774640
+2250607654788,Jennifer White,standard,individual,MTN,Korhogo,2025-10-20 12:42:31.399335
+2250541793953,Nicholas Stanley,basic,individual,MTN,Abidjan,2026-02-25 01:47:23.079008
+2250655156983,Mercedes Miller,premium,individual,MTN,Abidjan,2024-09-04 06:52:46.167160
+2250976612177,Brian Brown,standard,individual,Orange,Korhogo,2025-03-07 18:42:30.252888
+2250640456454,Kimberly Johnson,standard,individual,MTN,Abidjan,2024-03-23 11:25:38.651782
+2250787422318,Phillip Miller,basic,individual,Orange,Abidjan,2026-01-19 15:34:55.606719
+2250642846851,Christopher Pena,standard,individual,MTN,Abidjan,2025-08-31 15:06:00.368751
+2250916316295,Ellen Wright,basic,merchant,Orange,Abidjan,2025-04-07 16:14:20.769150
+2250712681868,Mark Anderson,basic,individual,Orange,Daloa,2024-01-23 01:17:51.922463
+2250687426154,Alyssa Alvarado,basic,individual,MTN,Daloa,2026-04-04 03:13:10.940682
+2250804751042,Erika Alvarez,basic,individual,Orange,Abidjan,2026-03-03 08:00:46.743145
+2250624521642,Kimberly Nelson,standard,individual,MTN,San-Pédro,2025-03-02 09:00:01.037318
+2250621909267,Wayne Wolfe,basic,individual,MTN,Gagnoa,2025-01-20 18:48:49.136349
+2250197646531,Kyle Welch,standard,individual,Moov Africa,Bouaké,2026-05-26 03:56:08.669877
+2250746063981,Kristy Mills,standard,individual,Orange,Abidjan,2024-05-15 18:14:45.901992
+2250696810320,Emily Reed,basic,individual,MTN,Abidjan,2024-07-29 04:27:36.871530
+2250740513005,Regina Ramos,basic,merchant,Orange,Abidjan,2025-06-07 22:36:22.457028
+2250997978087,David Torres,basic,individual,Orange,Daloa,2024-09-29 15:00:32.369321
+2250951030164,Robert Charles,standard,merchant,Orange,Korhogo,2025-06-20 06:45:13.002530
+2250149392822,John Smith,basic,individual,Moov Africa,San-Pédro,2025-12-22 09:59:07.305998
+2250953291236,Theresa Woods,basic,individual,Orange,Abidjan,2026-01-24 05:30:48.893812
+2250671792300,Jeffrey Carter,premium,individual,MTN,Bouaké,2025-06-11 13:16:27.345510
+2250169689286,Adam Brooks,standard,individual,Moov Africa,Yamoussoukro,2024-02-07 20:34:03.880097
+2250725091557,Justin Foster,basic,individual,Orange,Abidjan,2024-09-11 03:44:22.841179
+2250630239484,Omar Price,basic,individual,MTN,Abidjan,2026-01-26 05:23:51.295449
+2250651502186,Dennis Henderson,premium,agent,MTN,Man,2024-05-09 07:31:55.491509
+2250639720560,Phillip Kent,basic,agent,MTN,Abidjan,2025-08-24 09:45:05.766885
+2250660267412,Melinda Mitchell,basic,individual,MTN,Abidjan,2025-12-01 18:50:42.252733
+2250920928353,Rhonda Gutierrez,basic,individual,Orange,San-Pédro,2025-07-18 13:59:04.894004
+2250589638999,Catherine Roberts,basic,individual,MTN,Abidjan,2025-06-18 06:53:41.666583
+2250140403417,Lisa Nelson,basic,individual,Moov Africa,San-Pédro,2024-05-29 13:00:26.882914
+2250243187050,Chelsea Smith,standard,individual,Moov Africa,Daloa,2026-02-17 13:07:26.475190
+2250385512998,Joseph Lopez,basic,individual,Moov Africa,San-Pédro,2025-10-06 09:47:16.211890
+2250559409533,Derrick Espinoza,premium,merchant,MTN,Yamoussoukro,2025-04-20 18:39:24.115511
+2250685512701,Crystal Hernandez,basic,individual,MTN,San-Pédro,2025-07-08 12:50:34.490804
+2250919050442,Glenn Collins DDS,standard,individual,Orange,Abidjan,2026-02-20 23:21:39.918228
+2250894319366,Mrs. Raven Rivera DVM,basic,individual,Orange,Abidjan,2024-06-09 00:23:18.546584
+2250811236462,Amy Rowe,standard,individual,Orange,Bouaké,2025-08-04 12:41:32.796206
+2250816867448,John Lee,standard,individual,Orange,Abidjan,2026-03-20 21:32:04.322134
+2250830073415,Ruth Clayton,basic,individual,Orange,Abidjan,2026-05-29 06:43:19.754128
+2250167458618,Randy Wright,standard,merchant,Moov Africa,San-Pédro,2025-06-03 03:23:51.662701
+2250151571619,Jessica Rojas,basic,individual,Moov Africa,Abidjan,2025-03-03 09:52:17.235844
+2250288501829,Joel Wise,standard,individual,Moov Africa,Gagnoa,2025-07-23 01:09:14.047708
+2250787297034,Vickie Kennedy,basic,individual,Orange,San-Pédro,2026-05-29 18:04:58.626088
+2250518444690,Emily Morris,basic,individual,MTN,Bouaké,2026-01-20 22:54:34.206568
+2250149799229,Amanda Pineda,basic,individual,Moov Africa,San-Pédro,2025-12-16 01:14:44.476207
+2250370082637,Dawn Little,premium,individual,Moov Africa,San-Pédro,2025-05-04 14:33:49.587719
+2250203428756,Stephen Boyer,basic,individual,Moov Africa,Man,2026-03-02 02:16:41.695185
+2250133453931,Brian Chen,standard,individual,Moov Africa,Abidjan,2025-09-14 11:59:40.697784
+2250928829145,Christopher Hill,basic,merchant,Orange,Daloa,2026-01-12 00:31:20.339703
+2250107385153,Richard Smith,basic,merchant,Moov Africa,Abidjan,2025-06-16 21:17:42.840408
+2250135012329,Richard Alvarez,basic,individual,Moov Africa,Abidjan,2024-08-14 10:52:55.527889
+2250314528606,Jacqueline Davis,basic,individual,Moov Africa,Abidjan,2024-05-10 10:06:16.949062
+2250878530445,Brandon Montgomery,basic,individual,Orange,Korhogo,2024-01-21 18:16:42.727562
+2250720874028,Yolanda Garrett,standard,individual,Orange,Abidjan,2024-05-12 17:23:17.456479
+2250248602563,Matthew Miles,basic,merchant,Moov Africa,Bouaké,2026-02-10 09:41:17.988449
+2250689259867,Beth Hall,standard,individual,MTN,San-Pédro,2024-03-23 21:11:54.323936
+2250930586548,Dr. Nicole Trujillo,basic,merchant,Orange,Abidjan,2024-05-06 01:32:02.867827
+2250636348615,Corey Norris,standard,agent,MTN,Abidjan,2024-11-08 23:12:57.310744
+2250799068870,Chad Roach,standard,merchant,Orange,Yamoussoukro,2025-12-21 09:42:24.206479
+2250201577441,Mr. Edward Terry,standard,merchant,Moov Africa,Man,2024-05-17 10:35:43.881068
+2250512861318,Cody Bailey,basic,individual,MTN,Yamoussoukro,2025-11-14 21:54:19.857250
+2250995440809,Denise Guerra,standard,individual,Orange,Bouaké,2025-06-28 19:01:11.467843
+2250843826782,Kristen Jones,standard,individual,Orange,Abidjan,2025-01-25 15:26:30.716221
+2250851152471,Edward Baker,premium,merchant,Orange,Korhogo,2025-07-17 00:38:34.479092
+2250760029845,Aaron Little,standard,individual,Orange,Korhogo,2024-05-01 02:03:57.173863
+2250944879493,Cody Smith,basic,individual,Orange,Abidjan,2025-07-05 20:24:15.573033
+2250802409050,Patty Allen,standard,merchant,Orange,Abidjan,2026-02-01 02:57:42.138133
+2250645122760,Mary Ryan,premium,merchant,MTN,Daloa,2025-03-19 18:50:03.829147
+2250625482508,Joseph Jimenez,basic,individual,MTN,Korhogo,2026-04-06 00:09:35.825629
+2250376302866,Lisa Morris,standard,individual,Moov Africa,San-Pédro,2026-03-13 18:08:15.539203
+2250227460011,Ashley Mills,basic,individual,Moov Africa,Abidjan,2025-02-27 03:31:04.461085
+2250252971730,Russell Anderson,basic,individual,Moov Africa,San-Pédro,2024-12-14 13:59:03.939754
+2250716259534,Christina Washington,basic,individual,Orange,Bouaké,2025-05-24 14:22:32.246464
+2250597847916,Kenneth Huff,standard,individual,MTN,Gagnoa,2025-11-24 18:04:13.389948
+2250204890060,Kelly Miles,basic,individual,Moov Africa,Abidjan,2026-01-05 08:00:22.312419
+2250682298336,Jacob Obrien,standard,individual,MTN,Yamoussoukro,2025-03-01 02:38:44.633244
+2250228857015,Timothy Clark,basic,individual,Moov Africa,Man,2026-03-09 00:06:01.782798
+2250888241833,Steve Miller PhD,basic,individual,Orange,Bouaké,2024-10-25 14:19:34.666824
+2250689862206,Justin Hurley,basic,individual,MTN,Abidjan,2024-04-04 22:08:40.948256
+2250698465033,Jacob Erickson,basic,individual,MTN,Abidjan,2025-06-24 13:24:38.566714
+2250199194576,Deborah Williams,basic,individual,Moov Africa,Gagnoa,2024-04-23 02:34:02.307173
+2250848936175,Eric Blackburn,standard,individual,Orange,Yamoussoukro,2026-02-22 06:00:50.851427
+2250741748600,Anne Hardy,basic,individual,Orange,Daloa,2026-04-25 04:38:22.700697
+2250890654573,Chelsey Fox,basic,individual,Orange,Bouaké,2025-02-24 12:07:37.547775
+2250990761318,Mario White,standard,individual,Orange,San-Pédro,2025-12-06 23:40:35.445544
+2250824295553,Jennifer Garcia,basic,individual,Orange,Abidjan,2024-07-08 13:13:49.175786
+2250660472948,Heather Ellis,basic,individual,MTN,Abidjan,2026-01-20 06:44:26.477810
+2250208054233,Sonya Jackson,standard,individual,Moov Africa,Bouaké,2024-03-25 16:28:34.642127
+2250354632182,James Morgan,basic,merchant,Moov Africa,Abidjan,2024-03-22 07:23:31.598770
+2250713135214,Zachary Ramos,standard,individual,Orange,Abidjan,2025-11-20 11:27:32.253060
+2250719461160,Ethan Frey,basic,individual,Orange,Daloa,2024-11-07 06:26:07.912306
